
--- UPLOAD CALLED for event 6a153498f60ff5ddb53446b8 ---
Uploaded filename: 6a153498f60ff5ddb53446b8_20260526055026_WIN_20260525_13_55_44_Pro.jpg
Assigned DB _id: 6a1534a2f60ff5ddb53446b9

--- UPLOAD CALLED for event 6a153498f60ff5ddb53446b8 ---
Uploaded filename: 6a153498f60ff5ddb53446b8_20260526055026_WIN_20260525_13_55_48_Pro.jpg
Assigned DB _id: 6a1534a2f60ff5ddb53446ba

--- UPLOAD CALLED for event 6a153498f60ff5ddb53446b8 ---
Uploaded filename: 6a153498f60ff5ddb53446b8_20260526055026_WIN_20260525_13_55_50_Pro.jpg
Assigned DB _id: 6a1534a2f60ff5ddb53446bb

--- UPLOAD CALLED for event 6a153498f60ff5ddb53446b8 ---
Uploaded filename: 6a153498f60ff5ddb53446b8_20260526055026_WIN_20260526_11_18_45_Pro.jpg
Assigned DB _id: 6a1534a2f60ff5ddb53446bc

--- UPLOAD CALLED for event 6a153498f60ff5ddb53446b8 ---
Uploaded filename: 6a153498f60ff5ddb53446b8_20260526055026_WIN_20260526_11_18_46_Pro.jpg
Assigned DB _id: 6a1534a2f60ff5ddb53446bd

--- UPLOAD CALLED for event 6a153498f60ff5ddb53446b8 ---
Uploaded filename: 6a153498f60ff5ddb53446b8_20260526055026_WIN_20260526_11_18_47_Pro.jpg
Assigned DB _id: 6a1534a2f60ff5ddb53446be

--- UPLOAD CALLED for event 6a153498f60ff5ddb53446b8 ---
Uploaded filename: 6a153498f60ff5ddb53446b8_20260526055026_WIN_20260526_11_18_48_Pro.jpg
Assigned DB _id: 6a1534a2f60ff5ddb53446bf

--- UPLOAD CALLED for event 6a153498f60ff5ddb53446b8 ---
Uploaded filename: 6a153498f60ff5ddb53446b8_20260526055026_WIN_20260526_11_18_50_Pro.jpg
Assigned DB _id: 6a1534a2f60ff5ddb53446c0

--- UPLOAD CALLED for event 6a153498f60ff5ddb53446b8 ---
Uploaded filename: 6a153498f60ff5ddb53446b8_20260526055026_WIN_20260526_11_18_52_Pro (2).jpg
Assigned DB _id: 6a1534a2f60ff5ddb53446c1

--- UPLOAD CALLED for event 6a153498f60ff5ddb53446b8 ---
Uploaded filename: 6a153498f60ff5ddb53446b8_20260526055026_WIN_20260526_11_18_52_Pro.jpg
Assigned DB _id: 6a1534a2f60ff5ddb53446c2
Background task added 1 face(s) to FAISS for _id: 6a1534a2f60ff5ddb53446b9
Background task added 1 face(s) to FAISS for _id: 6a1534a2f60ff5ddb53446ba
Background task added 1 face(s) to FAISS for _id: 6a1534a2f60ff5ddb53446bb
Background task added 1 face(s) to FAISS for _id: 6a1534a2f60ff5ddb53446bc
Background task added 1 face(s) to FAISS for _id: 6a1534a2f60ff5ddb53446bd
Background task added 1 face(s) to FAISS for _id: 6a1534a2f60ff5ddb53446be
Background task added 1 face(s) to FAISS for _id: 6a1534a2f60ff5ddb53446bf
Background task added 1 face(s) to FAISS for _id: 6a1534a2f60ff5ddb53446c0
Background task added 1 face(s) to FAISS for _id: 6a1534a2f60ff5ddb53446c1
Background task added 1 face(s) to FAISS for _id: 6a1534a2f60ff5ddb53446c2

--- MATCH FACE CALLED for event 1 ---
Selfie filename: WIN_20260526_11_18_45_Pro.jpg
Faces detected in selfie: 1
FAISS matched IDs: ['6a1534a2f60ff5ddb53446c2', '6a1534a2f60ff5ddb53446bf', '6a1534a2f60ff5ddb53446ba', '6a1534a2f60ff5ddb53446bb', '6a1534a2f60ff5ddb53446bd', '6a14931c7bb043acdbeb3091', '6a1533aaa8a8edca581d3080', '6a1533aaa8a8edca581d3081', '6a1534a2f60ff5ddb53446c1', '6a1534a2f60ff5ddb53446bc', '6a1534a2f60ff5ddb53446c0', '6a1533aaa8a8edca581d3082', '6a14931c7bb043acdbeb3092', '6a1534a2f60ff5ddb53446b9', '6a1534a2f60ff5ddb53446be']
DB documents found: 0

--- MATCH FACE CALLED for event 1 ---
Selfie filename: WIN_20260526_11_18_47_Pro.jpg
Faces detected in selfie: 1
FAISS matched IDs: ['6a1534a2f60ff5ddb53446c2', '6a1534a2f60ff5ddb53446bf', '6a1534a2f60ff5ddb53446ba', '6a1534a2f60ff5ddb53446bb', '6a1534a2f60ff5ddb53446bd', '6a14931c7bb043acdbeb3091', '6a1533aaa8a8edca581d3080', '6a1533aaa8a8edca581d3081', '6a1534a2f60ff5ddb53446c1', '6a1534a2f60ff5ddb53446bc', '6a1534a2f60ff5ddb53446c0', '6a1533aaa8a8edca581d3082', '6a14931c7bb043acdbeb3092', '6a1534a2f60ff5ddb53446b9', '6a1534a2f60ff5ddb53446be']
DB documents found: 0

--- MATCH FACE CALLED for event 1 ---
Selfie filename: WIN_20260526_11_18_45_Pro.jpg
Faces detected in selfie: 1
FAISS matched IDs: ['6a1534a2f60ff5ddb53446c2', '6a1534a2f60ff5ddb53446bf', '6a1534a2f60ff5ddb53446ba', '6a1534a2f60ff5ddb53446bb', '6a1534a2f60ff5ddb53446bd', '6a14931c7bb043acdbeb3091', '6a1533aaa8a8edca581d3080', '6a1533aaa8a8edca581d3081', '6a1534a2f60ff5ddb53446c1', '6a1534a2f60ff5ddb53446bc', '6a1534a2f60ff5ddb53446c0', '6a1533aaa8a8edca581d3082', '6a14931c7bb043acdbeb3092', '6a1534a2f60ff5ddb53446b9', '6a1534a2f60ff5ddb53446be']
DB documents found: 0

--- MATCH FACE CALLED for event 1 ---
Selfie filename: WIN_20260526_11_18_45_Pro.jpg
Faces detected in selfie: 1
FAISS matched IDs: ['6a1533aaa8a8edca581d3080', '6a1534a2f60ff5ddb53446bf', '6a1534a2f60ff5ddb53446c0', '6a1534a2f60ff5ddb53446b9', '6a1534a2f60ff5ddb53446bd', '6a1534a2f60ff5ddb53446c1', '6a14931c7bb043acdbeb3092', '6a1534a2f60ff5ddb53446bb', '6a1533aaa8a8edca581d3082', '6a14931c7bb043acdbeb3091', '6a1534a2f60ff5ddb53446c2', '6a1534a2f60ff5ddb53446be', '6a1534a2f60ff5ddb53446bc', '6a1534a2f60ff5ddb53446ba', '6a1533aaa8a8edca581d3081']
DB documents found: 10
First DB doc: {'event_id': '6a153498f60ff5ddb53446b8', 's3_url': '/static/6a153498f60ff5ddb53446b8_20260526055026_WIN_20260525_13_55_44_Pro.jpg', 'folder_name': 'General', 'uploaded_by': 'mock_admin_123', 'uploaded_at': '2026-05-26 05:50:26.644935', 'is_processed': True, 'filename': 'WIN_20260525_13_55_44_Pro.jpg', '_id': '6a1534a2f60ff5ddb53446b9', 'faces_detected': 1, 'blur_score': 144.50138020409477, 'emotions': {'dominant_emotion': 'happy'}, 'captions': None}

--- MATCH FACE CALLED for event 6a153498f60ff5ddb53446b8 ---
Selfie filename: 17797755071192037544295406449034.jpg
Faces detected in selfie: 0

--- MATCH FACE CALLED for event 6a153498f60ff5ddb53446b8 ---
Selfie filename: 17797755071192037544295406449034.jpg
Faces detected in selfie: 0

--- MATCH FACE CALLED for event 6a153498f60ff5ddb53446b8 ---
Selfie filename: 17797759425364016936863523297755.jpg
Faces detected in selfie: 1
FAISS matched IDs: ['6a1534a2f60ff5ddb53446be', '6a1533aaa8a8edca581d3081', '6a1534a2f60ff5ddb53446c0', '6a1533aaa8a8edca581d3080', '6a1534a2f60ff5ddb53446c2', '6a1534a2f60ff5ddb53446bc', '6a1534a2f60ff5ddb53446bf', '6a14931c7bb043acdbeb3091', '6a1534a2f60ff5ddb53446bd', '6a1534a2f60ff5ddb53446bb', '6a14931c7bb043acdbeb3092', '6a1533aaa8a8edca581d3082', '6a1534a2f60ff5ddb53446ba', '6a1534a2f60ff5ddb53446c1', '6a1534a2f60ff5ddb53446b9']
DB documents found: 10
First DB doc: {'event_id': '6a153498f60ff5ddb53446b8', 's3_url': '/static/6a153498f60ff5ddb53446b8_20260526055026_WIN_20260525_13_55_44_Pro.jpg', 'folder_name': 'General', 'uploaded_by': 'mock_admin_123', 'uploaded_at': '2026-05-26 05:50:26.644935', 'is_processed': True, 'filename': 'WIN_20260525_13_55_44_Pro.jpg', '_id': '6a1534a2f60ff5ddb53446b9', 'faces_detected': 1, 'blur_score': 144.50138020409477, 'emotions': {'dominant_emotion': 'happy'}, 'captions': None}

--- MATCH FACE CALLED for event 1 ---
Selfie filename: WIN_20260525_13_55_50_Pro.jpg
Faces detected in selfie: 1
FAISS matched IDs: ['6a1533aaa8a8edca581d3081', '6a1534a2f60ff5ddb53446c0', '6a1533aaa8a8edca581d3080', '6a1534a2f60ff5ddb53446c2', '6a1534a2f60ff5ddb53446bc', '6a1534a2f60ff5ddb53446bb', '6a14931c7bb043acdbeb3091', '6a1534a2f60ff5ddb53446bd', '6a1534a2f60ff5ddb53446bf', '6a14931c7bb043acdbeb3092', '6a1534a2f60ff5ddb53446c1', '6a1533aaa8a8edca581d3082', '6a1534a2f60ff5ddb53446ba', '6a1534a2f60ff5ddb53446be', '6a1534a2f60ff5ddb53446b9']
DB documents found: 10
First DB doc: {'event_id': '6a153498f60ff5ddb53446b8', 's3_url': '/static/6a153498f60ff5ddb53446b8_20260526055026_WIN_20260525_13_55_44_Pro.jpg', 'folder_name': 'General', 'uploaded_by': 'mock_admin_123', 'uploaded_at': '2026-05-26 05:50:26.644935', 'is_processed': True, 'filename': 'WIN_20260525_13_55_44_Pro.jpg', '_id': '6a1534a2f60ff5ddb53446b9', 'faces_detected': 1, 'blur_score': 144.50138020409477, 'emotions': {'dominant_emotion': 'happy'}, 'captions': None}

--- MATCH FACE CALLED for event 1 ---
Selfie filename: WIN_20260525_13_55_44_Pro.jpg
Faces detected in selfie: 1
FAISS matched IDs: ['6a1534a2f60ff5ddb53446b9', '6a1534a2f60ff5ddb53446bb', '6a1534a2f60ff5ddb53446bf', '6a1534a2f60ff5ddb53446be', '6a1533aaa8a8edca581d3081', '6a1533aaa8a8edca581d3082', '6a1534a2f60ff5ddb53446ba', '6a1534a2f60ff5ddb53446bd', '6a14931c7bb043acdbeb3092', '6a1534a2f60ff5ddb53446c1', '6a1534a2f60ff5ddb53446c0', '6a1533aaa8a8edca581d3080', '6a14931c7bb043acdbeb3091', '6a1534a2f60ff5ddb53446c2', '6a1534a2f60ff5ddb53446bc']
DB documents found: 10
First DB doc: {'event_id': '6a153498f60ff5ddb53446b8', 's3_url': '/static/6a153498f60ff5ddb53446b8_20260526055026_WIN_20260525_13_55_44_Pro.jpg', 'folder_name': 'General', 'uploaded_by': 'mock_admin_123', 'uploaded_at': '2026-05-26 05:50:26.644935', 'is_processed': True, 'filename': 'WIN_20260525_13_55_44_Pro.jpg', '_id': '6a1534a2f60ff5ddb53446b9', 'faces_detected': 1, 'blur_score': 144.50138020409477, 'emotions': {'dominant_emotion': 'happy'}, 'captions': None}

--- MATCH FACE CALLED for event 1 ---
Selfie filename: WIN_20260525_13_55_44_Pro.jpg
Faces detected in selfie: 1
FAISS matched IDs: ['6a1534a2f60ff5ddb53446be', '6a14931c7bb043acdbeb3091', '6a1533aaa8a8edca581d3080', '6a1534a2f60ff5ddb53446c1', '6a1534a2f60ff5ddb53446c0', '6a14931c7bb043acdbeb3092', '6a1534a2f60ff5ddb53446ba', '6a1533aaa8a8edca581d3082', '6a1534a2f60ff5ddb53446bc', '6a1533aaa8a8edca581d3081', '6a1534a2f60ff5ddb53446bb', '6a1534a2f60ff5ddb53446b9', '6a1534a2f60ff5ddb53446bd', '6a1534a2f60ff5ddb53446c2', '6a1534a2f60ff5ddb53446bf']
DB documents found: 10
First DB doc: {'event_id': '6a153498f60ff5ddb53446b8', 's3_url': '/static/6a153498f60ff5ddb53446b8_20260526055026_WIN_20260525_13_55_44_Pro.jpg', 'folder_name': 'General', 'uploaded_by': 'mock_admin_123', 'uploaded_at': '2026-05-26 05:50:26.644935', 'is_processed': True, 'filename': 'WIN_20260525_13_55_44_Pro.jpg', '_id': '6a1534a2f60ff5ddb53446b9', 'faces_detected': 1, 'blur_score': 144.50138020409477, 'emotions': {'dominant_emotion': 'happy'}, 'captions': None}

--- MATCH FACE CALLED for event 1 ---
Selfie filename: WIN_20260525_13_55_44_Pro.jpg
Faces detected in selfie: 1
FAISS matched IDs: ['6a1534a2f60ff5ddb53446bd', '6a1534a2f60ff5ddb53446bc', '6a1533aaa8a8edca581d3082', '6a1534a2f60ff5ddb53446bf', '6a1534a2f60ff5ddb53446bb', '6a1534a2f60ff5ddb53446ba', '6a1534a2f60ff5ddb53446c2', '6a14931c7bb043acdbeb3091', '6a1534a2f60ff5ddb53446be', '6a1533aaa8a8edca581d3081', '6a1534a2f60ff5ddb53446c0', '6a1534a2f60ff5ddb53446c1', '6a14931c7bb043acdbeb3092', '6a1534a2f60ff5ddb53446b9', '6a1533aaa8a8edca581d3080']
DB documents found: 10
First DB doc: {'event_id': '6a153498f60ff5ddb53446b8', 's3_url': '/static/6a153498f60ff5ddb53446b8_20260526055026_WIN_20260525_13_55_44_Pro.jpg', 'folder_name': 'General', 'uploaded_by': 'mock_admin_123', 'uploaded_at': '2026-05-26 05:50:26.644935', 'is_processed': True, 'filename': 'WIN_20260525_13_55_44_Pro.jpg', '_id': '6a1534a2f60ff5ddb53446b9', 'faces_detected': 1, 'blur_score': 144.50138020409477, 'emotions': {'dominant_emotion': 'happy'}, 'captions': None}

--- MATCH FACE CALLED for event 1 ---
Selfie filename: WIN_20260525_13_55_44_Pro.jpg
Faces detected in selfie: 1
FAISS matched IDs: ['6a1534a2f60ff5ddb53446bd', '6a1534a2f60ff5ddb53446bc', '6a1533aaa8a8edca581d3082', '6a1534a2f60ff5ddb53446bf', '6a1534a2f60ff5ddb53446bb', '6a1534a2f60ff5ddb53446ba', '6a1534a2f60ff5ddb53446c2', '6a14931c7bb043acdbeb3091', '6a1534a2f60ff5ddb53446be', '6a1533aaa8a8edca581d3081', '6a1534a2f60ff5ddb53446c0', '6a1534a2f60ff5ddb53446c1', '6a14931c7bb043acdbeb3092', '6a1534a2f60ff5ddb53446b9', '6a1533aaa8a8edca581d3080']
DB documents found: 10
First DB doc: {'event_id': '6a153498f60ff5ddb53446b8', 's3_url': '/static/6a153498f60ff5ddb53446b8_20260526055026_WIN_20260525_13_55_44_Pro.jpg', 'folder_name': 'General', 'uploaded_by': 'mock_admin_123', 'uploaded_at': '2026-05-26 05:50:26.644935', 'is_processed': True, 'filename': 'WIN_20260525_13_55_44_Pro.jpg', '_id': '6a1534a2f60ff5ddb53446b9', 'faces_detected': 1, 'blur_score': 144.50138020409477, 'emotions': {'dominant_emotion': 'happy'}, 'captions': None}

--- MATCH FACE CALLED for event 1 ---
Selfie filename: WIN_20260525_13_55_44_Pro.jpg
Faces detected in selfie: 1
FAISS matched IDs: ['6a1534a2f60ff5ddb53446bd', '6a1534a2f60ff5ddb53446bc', '6a1533aaa8a8edca581d3082', '6a1534a2f60ff5ddb53446bf', '6a1534a2f60ff5ddb53446bb', '6a1534a2f60ff5ddb53446ba', '6a1534a2f60ff5ddb53446c2', '6a14931c7bb043acdbeb3091', '6a1534a2f60ff5ddb53446be', '6a1533aaa8a8edca581d3081', '6a1534a2f60ff5ddb53446c0', '6a1534a2f60ff5ddb53446c1', '6a14931c7bb043acdbeb3092', '6a1534a2f60ff5ddb53446b9', '6a1533aaa8a8edca581d3080']
DB documents found: 10
First DB doc: {'event_id': '6a153498f60ff5ddb53446b8', 's3_url': '/static/6a153498f60ff5ddb53446b8_20260526055026_WIN_20260525_13_55_44_Pro.jpg', 'folder_name': 'General', 'uploaded_by': 'mock_admin_123', 'uploaded_at': '2026-05-26 05:50:26.644935', 'is_processed': True, 'filename': 'WIN_20260525_13_55_44_Pro.jpg', '_id': '6a1534a2f60ff5ddb53446b9', 'faces_detected': 1, 'blur_score': 144.50138020409477, 'emotions': {'dominant_emotion': 'happy'}, 'captions': None}

--- MATCH FACE CALLED for event 1 ---
Selfie filename: WIN_20260525_13_55_44_Pro.jpg
Faces detected in selfie: 1
FAISS matched IDs: ['6a1533aaa8a8edca581d3080', '6a1534a2f60ff5ddb53446c2', '6a1533aaa8a8edca581d3081', '6a14931c7bb043acdbeb3091', '6a1534a2f60ff5ddb53446ba', '6a1534a2f60ff5ddb53446bb', '6a1534a2f60ff5ddb53446be', '6a1534a2f60ff5ddb53446c1', '6a14931c7bb043acdbeb3092', '6a1533aaa8a8edca581d3082', '6a1534a2f60ff5ddb53446b9', '6a1534a2f60ff5ddb53446c0', '6a1534a2f60ff5ddb53446bf', '6a1534a2f60ff5ddb53446bc', '6a1534a2f60ff5ddb53446bd']
DB documents found: 10
First DB doc: {'event_id': '6a153498f60ff5ddb53446b8', 's3_url': '/static/6a153498f60ff5ddb53446b8_20260526055026_WIN_20260525_13_55_44_Pro.jpg', 'folder_name': 'General', 'uploaded_by': 'mock_admin_123', 'uploaded_at': '2026-05-26 05:50:26.644935', 'is_processed': True, 'filename': 'WIN_20260525_13_55_44_Pro.jpg', '_id': '6a1534a2f60ff5ddb53446b9', 'faces_detected': 1, 'blur_score': 144.50138020409477, 'emotions': {'dominant_emotion': 'happy'}, 'captions': None}

--- MATCH FACE CALLED for event 1 ---
Selfie filename: WIN_20260525_13_55_44_Pro.jpg
Faces detected in selfie: 1
FAISS matched IDs: ['6a1534a2f60ff5ddb53446ba', '6a14931c7bb043acdbeb3091', '6a1533aaa8a8edca581d3081', '6a1534a2f60ff5ddb53446bb', '6a1534a2f60ff5ddb53446be', '6a1534a2f60ff5ddb53446c2', '6a1534a2f60ff5ddb53446c1', '6a14931c7bb043acdbeb3092', '6a1534a2f60ff5ddb53446bf', '6a1534a2f60ff5ddb53446c0', '6a1533aaa8a8edca581d3082', '6a1533aaa8a8edca581d3080', '6a1534a2f60ff5ddb53446bc', '6a1534a2f60ff5ddb53446bd', '6a1534a2f60ff5ddb53446b9']
DB documents found: 10
First DB doc: {'event_id': '6a153498f60ff5ddb53446b8', 's3_url': '/static/6a153498f60ff5ddb53446b8_20260526055026_WIN_20260525_13_55_44_Pro.jpg', 'folder_name': 'General', 'uploaded_by': 'mock_admin_123', 'uploaded_at': '2026-05-26 05:50:26.644935', 'is_processed': True, 'filename': 'WIN_20260525_13_55_44_Pro.jpg', '_id': '6a1534a2f60ff5ddb53446b9', 'faces_detected': 1, 'blur_score': 144.50138020409477, 'emotions': {'dominant_emotion': 'happy'}, 'captions': None}

--- MATCH FACE CALLED for event 1 ---
Selfie filename: WIN_20260525_13_55_44_Pro.jpg
Faces detected in selfie: 1
FAISS matched IDs: ['6a14931c7bb043acdbeb3092', '6a14931c7bb043acdbeb3091', '6a1534a2f60ff5ddb53446be', '6a1534a2f60ff5ddb53446bf', '6a1534a2f60ff5ddb53446c2', '6a1534a2f60ff5ddb53446b9', '6a1533aaa8a8edca581d3080', '6a1533aaa8a8edca581d3082', '6a1534a2f60ff5ddb53446bb', '6a1534a2f60ff5ddb53446bc', '6a1534a2f60ff5ddb53446c0', '6a1534a2f60ff5ddb53446bd', '6a1534a2f60ff5ddb53446ba', '6a1534a2f60ff5ddb53446c1', '6a1533aaa8a8edca581d3081']
DB documents found: 10
First DB doc: {'event_id': '6a153498f60ff5ddb53446b8', 's3_url': '/static/6a153498f60ff5ddb53446b8_20260526055026_WIN_20260525_13_55_44_Pro.jpg', 'folder_name': 'General', 'uploaded_by': 'mock_admin_123', 'uploaded_at': '2026-05-26 05:50:26.644935', 'is_processed': True, 'filename': 'WIN_20260525_13_55_44_Pro.jpg', '_id': '6a1534a2f60ff5ddb53446b9', 'faces_detected': 1, 'blur_score': 144.50138020409477, 'emotions': {'dominant_emotion': 'happy'}, 'captions': None}

--- UPLOAD CALLED for event 6a153498f60ff5ddb53446b8 ---
Uploaded filename: 6a153498f60ff5ddb53446b8_20260531045424_WIN_20260525_13_55_44_Pro - Copy - Copy.jpg
Assigned DB _id: 6a1bbf007a63070ffd51f287

--- UPLOAD CALLED for event 6a153498f60ff5ddb53446b8 ---
Uploaded filename: 6a153498f60ff5ddb53446b8_20260531045424_WIN_20260525_13_55_44_Pro - Copy (2).jpg
Assigned DB _id: 6a1bbf007a63070ffd51f288

--- UPLOAD CALLED for event 6a153498f60ff5ddb53446b8 ---
Uploaded filename: 6a153498f60ff5ddb53446b8_20260531045424_WIN_20260525_13_55_44_Pro - Copy.jpg
Assigned DB _id: 6a1bbf007a63070ffd51f289

--- UPLOAD CALLED for event 6a153498f60ff5ddb53446b8 ---
Uploaded filename: 6a153498f60ff5ddb53446b8_20260531045424_WIN_20260525_13_55_44_Pro.jpg
Assigned DB _id: 6a1bbf007a63070ffd51f28a

--- UPLOAD CALLED for event 6a153498f60ff5ddb53446b8 ---
Uploaded filename: 6a153498f60ff5ddb53446b8_20260531045424_WIN_20260525_13_55_48_Pro - Copy - Copy.jpg
Assigned DB _id: 6a1bbf007a63070ffd51f28b

--- UPLOAD CALLED for event 6a153498f60ff5ddb53446b8 ---
Uploaded filename: 6a153498f60ff5ddb53446b8_20260531045424_WIN_20260525_13_55_48_Pro - Copy (2).jpg
Assigned DB _id: 6a1bbf007a63070ffd51f28c

--- UPLOAD CALLED for event 6a153498f60ff5ddb53446b8 ---
Uploaded filename: 6a153498f60ff5ddb53446b8_20260531045424_WIN_20260525_13_55_48_Pro - Copy.jpg
Assigned DB _id: 6a1bbf007a63070ffd51f28d

--- UPLOAD CALLED for event 6a153498f60ff5ddb53446b8 ---
Uploaded filename: 6a153498f60ff5ddb53446b8_20260531045424_WIN_20260525_13_55_48_Pro.jpg
Assigned DB _id: 6a1bbf007a63070ffd51f28e

--- UPLOAD CALLED for event 6a153498f60ff5ddb53446b8 ---
Uploaded filename: 6a153498f60ff5ddb53446b8_20260531045424_WIN_20260525_13_55_50_Pro - Copy - Copy.jpg
Assigned DB _id: 6a1bbf007a63070ffd51f28f

--- UPLOAD CALLED for event 6a153498f60ff5ddb53446b8 ---
Uploaded filename: 6a153498f60ff5ddb53446b8_20260531045424_WIN_20260525_13_55_50_Pro - Copy (2).jpg
Assigned DB _id: 6a1bbf007a63070ffd51f290

--- UPLOAD CALLED for event 6a153498f60ff5ddb53446b8 ---
Uploaded filename: 6a153498f60ff5ddb53446b8_20260531045424_WIN_20260525_13_55_50_Pro - Copy.jpg
Assigned DB _id: 6a1bbf007a63070ffd51f291

--- UPLOAD CALLED for event 6a153498f60ff5ddb53446b8 ---
Uploaded filename: 6a153498f60ff5ddb53446b8_20260531045424_WIN_20260525_13_55_50_Pro.jpg
Assigned DB _id: 6a1bbf007a63070ffd51f292

--- UPLOAD CALLED for event 6a153498f60ff5ddb53446b8 ---
Uploaded filename: 6a153498f60ff5ddb53446b8_20260531045424_WIN_20260526_11_18_45_Pro - Copy - Copy.jpg
Assigned DB _id: 6a1bbf007a63070ffd51f293

--- UPLOAD CALLED for event 6a153498f60ff5ddb53446b8 ---
Uploaded filename: 6a153498f60ff5ddb53446b8_20260531045424_WIN_20260526_11_18_45_Pro - Copy (2).jpg
Assigned DB _id: 6a1bbf007a63070ffd51f294

--- UPLOAD CALLED for event 6a153498f60ff5ddb53446b8 ---
Uploaded filename: 6a153498f60ff5ddb53446b8_20260531045424_WIN_20260526_11_18_45_Pro - Copy.jpg
Assigned DB _id: 6a1bbf007a63070ffd51f295

--- UPLOAD CALLED for event 6a153498f60ff5ddb53446b8 ---
Uploaded filename: 6a153498f60ff5ddb53446b8_20260531045424_WIN_20260526_11_18_45_Pro.jpg
Assigned DB _id: 6a1bbf007a63070ffd51f296

--- UPLOAD CALLED for event 6a153498f60ff5ddb53446b8 ---
Uploaded filename: 6a153498f60ff5ddb53446b8_20260531045424_WIN_20260526_11_18_46_Pro - Copy - Copy.jpg
Assigned DB _id: 6a1bbf007a63070ffd51f297

--- UPLOAD CALLED for event 6a153498f60ff5ddb53446b8 ---
Uploaded filename: 6a153498f60ff5ddb53446b8_20260531045424_WIN_20260526_11_18_46_Pro - Copy (2).jpg
Assigned DB _id: 6a1bbf007a63070ffd51f298

--- UPLOAD CALLED for event 6a153498f60ff5ddb53446b8 ---
Uploaded filename: 6a153498f60ff5ddb53446b8_20260531045424_WIN_20260526_11_18_46_Pro - Copy.jpg
Assigned DB _id: 6a1bbf007a63070ffd51f299

--- UPLOAD CALLED for event 6a153498f60ff5ddb53446b8 ---
Uploaded filename: 6a153498f60ff5ddb53446b8_20260531045424_WIN_20260526_11_18_46_Pro.jpg
Assigned DB _id: 6a1bbf007a63070ffd51f29a

--- UPLOAD CALLED for event 6a153498f60ff5ddb53446b8 ---
Uploaded filename: 6a153498f60ff5ddb53446b8_20260531045424_WIN_20260526_11_18_47_Pro - Copy - Copy.jpg
Assigned DB _id: 6a1bbf007a63070ffd51f29b

--- UPLOAD CALLED for event 6a153498f60ff5ddb53446b8 ---
Uploaded filename: 6a153498f60ff5ddb53446b8_20260531045424_WIN_20260526_11_18_47_Pro - Copy (2).jpg
Assigned DB _id: 6a1bbf007a63070ffd51f29c

--- UPLOAD CALLED for event 6a153498f60ff5ddb53446b8 ---
Uploaded filename: 6a153498f60ff5ddb53446b8_20260531045424_WIN_20260526_11_18_47_Pro - Copy.jpg
Assigned DB _id: 6a1bbf007a63070ffd51f29d

--- UPLOAD CALLED for event 6a153498f60ff5ddb53446b8 ---
Uploaded filename: 6a153498f60ff5ddb53446b8_20260531045424_WIN_20260526_11_18_47_Pro.jpg
Assigned DB _id: 6a1bbf007a63070ffd51f29e

--- UPLOAD CALLED for event 6a153498f60ff5ddb53446b8 ---
Uploaded filename: 6a153498f60ff5ddb53446b8_20260531045424_WIN_20260526_11_18_48_Pro - Copy - Copy.jpg
Assigned DB _id: 6a1bbf007a63070ffd51f29f

--- UPLOAD CALLED for event 6a153498f60ff5ddb53446b8 ---
Uploaded filename: 6a153498f60ff5ddb53446b8_20260531045424_WIN_20260526_11_18_48_Pro - Copy (2).jpg
Assigned DB _id: 6a1bbf007a63070ffd51f2a0

--- UPLOAD CALLED for event 6a153498f60ff5ddb53446b8 ---
Uploaded filename: 6a153498f60ff5ddb53446b8_20260531045424_WIN_20260526_11_18_48_Pro - Copy.jpg
Assigned DB _id: 6a1bbf007a63070ffd51f2a1

--- UPLOAD CALLED for event 6a153498f60ff5ddb53446b8 ---
Uploaded filename: 6a153498f60ff5ddb53446b8_20260531045424_WIN_20260526_11_18_48_Pro.jpg
Assigned DB _id: 6a1bbf007a63070ffd51f2a2

--- UPLOAD CALLED for event 6a153498f60ff5ddb53446b8 ---
Uploaded filename: 6a153498f60ff5ddb53446b8_20260531045424_WIN_20260526_11_18_50_Pro - Copy - Copy.jpg
Assigned DB _id: 6a1bbf007a63070ffd51f2a3

--- UPLOAD CALLED for event 6a153498f60ff5ddb53446b8 ---
Uploaded filename: 6a153498f60ff5ddb53446b8_20260531045424_WIN_20260526_11_18_50_Pro - Copy (2).jpg
Assigned DB _id: 6a1bbf007a63070ffd51f2a4

--- UPLOAD CALLED for event 6a153498f60ff5ddb53446b8 ---
Uploaded filename: 6a153498f60ff5ddb53446b8_20260531045424_WIN_20260526_11_18_50_Pro - Copy.jpg
Assigned DB _id: 6a1bbf007a63070ffd51f2a5

--- UPLOAD CALLED for event 6a153498f60ff5ddb53446b8 ---
Uploaded filename: 6a153498f60ff5ddb53446b8_20260531045424_WIN_20260526_11_18_50_Pro.jpg
Assigned DB _id: 6a1bbf007a63070ffd51f2a6

--- UPLOAD CALLED for event 6a153498f60ff5ddb53446b8 ---
Uploaded filename: 6a153498f60ff5ddb53446b8_20260531045424_WIN_20260526_11_18_52_Pro - Copy - Copy.jpg
Assigned DB _id: 6a1bbf007a63070ffd51f2a7

--- UPLOAD CALLED for event 6a153498f60ff5ddb53446b8 ---
Uploaded filename: 6a153498f60ff5ddb53446b8_20260531045424_WIN_20260526_11_18_52_Pro - Copy (2).jpg
Assigned DB _id: 6a1bbf007a63070ffd51f2a8

--- UPLOAD CALLED for event 6a153498f60ff5ddb53446b8 ---
Uploaded filename: 6a153498f60ff5ddb53446b8_20260531045424_WIN_20260526_11_18_52_Pro - Copy.jpg
Assigned DB _id: 6a1bbf007a63070ffd51f2a9

--- UPLOAD CALLED for event 6a153498f60ff5ddb53446b8 ---
Uploaded filename: 6a153498f60ff5ddb53446b8_20260531045424_WIN_20260526_11_18_52_Pro (2) - Copy - Copy.jpg
Assigned DB _id: 6a1bbf007a63070ffd51f2aa

--- UPLOAD CALLED for event 6a153498f60ff5ddb53446b8 ---
Uploaded filename: 6a153498f60ff5ddb53446b8_20260531045424_WIN_20260526_11_18_52_Pro (2) - Copy.jpg
Assigned DB _id: 6a1bbf007a63070ffd51f2ab

--- UPLOAD CALLED for event 6a153498f60ff5ddb53446b8 ---
Uploaded filename: 6a153498f60ff5ddb53446b8_20260531045424_WIN_20260526_11_18_52_Pro (2).jpg
Assigned DB _id: 6a1bbf007a63070ffd51f2ac

--- UPLOAD CALLED for event 6a153498f60ff5ddb53446b8 ---
Uploaded filename: 6a153498f60ff5ddb53446b8_20260531045424_WIN_20260526_11_18_52_Pro (3) - Copy.jpg
Assigned DB _id: 6a1bbf007a63070ffd51f2ad

--- UPLOAD CALLED for event 6a153498f60ff5ddb53446b8 ---
Uploaded filename: 6a153498f60ff5ddb53446b8_20260531045424_WIN_20260526_11_18_52_Pro.jpg
Assigned DB _id: 6a1bbf007a63070ffd51f2ae
Background task added 1 face(s) to FAISS for _id: 6a1bbf007a63070ffd51f287
Background task added 1 face(s) to FAISS for _id: 6a1bbf007a63070ffd51f288
Background task added 1 face(s) to FAISS for _id: 6a1bbf007a63070ffd51f289
Background task added 1 face(s) to FAISS for _id: 6a1bbf007a63070ffd51f28a
Background task added 1 face(s) to FAISS for _id: 6a1bbf007a63070ffd51f28b
Background task added 1 face(s) to FAISS for _id: 6a1bbf007a63070ffd51f28c
Background task added 1 face(s) to FAISS for _id: 6a1bbf007a63070ffd51f28d
Background task added 1 face(s) to FAISS for _id: 6a1bbf007a63070ffd51f28e
Background task added 1 face(s) to FAISS for _id: 6a1bbf007a63070ffd51f28f
Background task added 1 face(s) to FAISS for _id: 6a1bbf007a63070ffd51f290
Background task added 1 face(s) to FAISS for _id: 6a1bbf007a63070ffd51f291
Background task added 1 face(s) to FAISS for _id: 6a1bbf007a63070ffd51f292
Background task added 1 face(s) to FAISS for _id: 6a1bbf007a63070ffd51f293
Background task added 1 face(s) to FAISS for _id: 6a1bbf007a63070ffd51f294
Background task added 1 face(s) to FAISS for _id: 6a1bbf007a63070ffd51f295
Background task added 1 face(s) to FAISS for _id: 6a1bbf007a63070ffd51f296
Background task added 1 face(s) to FAISS for _id: 6a1bbf007a63070ffd51f297
Background task added 1 face(s) to FAISS for _id: 6a1bbf007a63070ffd51f298
Background task added 1 face(s) to FAISS for _id: 6a1bbf007a63070ffd51f299
Background task added 1 face(s) to FAISS for _id: 6a1bbf007a63070ffd51f29a
Background task added 1 face(s) to FAISS for _id: 6a1bbf007a63070ffd51f29b
Background task added 1 face(s) to FAISS for _id: 6a1bbf007a63070ffd51f29c
Background task added 1 face(s) to FAISS for _id: 6a1bbf007a63070ffd51f29d
Background task added 1 face(s) to FAISS for _id: 6a1bbf007a63070ffd51f29e
Background task added 1 face(s) to FAISS for _id: 6a1bbf007a63070ffd51f29f
Background task added 1 face(s) to FAISS for _id: 6a1bbf007a63070ffd51f2a0
Background task added 1 face(s) to FAISS for _id: 6a1bbf007a63070ffd51f2a1
Background task added 1 face(s) to FAISS for _id: 6a1bbf007a63070ffd51f2a2
Background task added 1 face(s) to FAISS for _id: 6a1bbf007a63070ffd51f2a3
Background task added 1 face(s) to FAISS for _id: 6a1bbf007a63070ffd51f2a4
Background task added 1 face(s) to FAISS for _id: 6a1bbf007a63070ffd51f2a5
Background task added 1 face(s) to FAISS for _id: 6a1bbf007a63070ffd51f2a6
Background task added 1 face(s) to FAISS for _id: 6a1bbf007a63070ffd51f2a7
Background task added 1 face(s) to FAISS for _id: 6a1bbf007a63070ffd51f2a8
Background task added 1 face(s) to FAISS for _id: 6a1bbf007a63070ffd51f2a9
Background task added 1 face(s) to FAISS for _id: 6a1bbf007a63070ffd51f2aa
Background task added 1 face(s) to FAISS for _id: 6a1bbf007a63070ffd51f2ab
Background task added 1 face(s) to FAISS for _id: 6a1bbf007a63070ffd51f2ac
Background task added 1 face(s) to FAISS for _id: 6a1bbf007a63070ffd51f2ad
Background task added 1 face(s) to FAISS for _id: 6a1bbf007a63070ffd51f2ae

--- MATCH FACE CALLED for event 1 ---
Selfie filename: WIN_20260525_13_55_44_Pro - Copy - Copy.jpg
Faces detected in selfie: 1
FAISS matched IDs: ['6a1bbf007a63070ffd51f2a7', '6a1bbf007a63070ffd51f287', '6a1534a2f60ff5ddb53446bf', '6a1bbf007a63070ffd51f296', '6a1bbf007a63070ffd51f29c', '6a1bbf007a63070ffd51f2a0', '6a1bbf007a63070ffd51f298', '6a1bbf007a63070ffd51f29d', '6a1bbf007a63070ffd51f2a8', '6a1bbf007a63070ffd51f299', '6a1534a2f60ff5ddb53446bd', '6a1bbf007a63070ffd51f29f', '6a1bbf007a63070ffd51f2a9', '6a1bbf007a63070ffd51f29e', '6a14931c7bb043acdbeb3091', '6a1bbf007a63070ffd51f2ac', '6a1bbf007a63070ffd51f28f', '6a1bbf007a63070ffd51f292', '6a1534a2f60ff5ddb53446c2', '6a1534a2f60ff5ddb53446bc', '6a1bbf007a63070ffd51f293', '6a1bbf007a63070ffd51f297', '6a1bbf007a63070ffd51f28a', '6a1bbf007a63070ffd51f288', '6a1534a2f60ff5ddb53446ba', '6a1bbf007a63070ffd51f2ab', '6a1534a2f60ff5ddb53446c1', '6a14931c7bb043acdbeb3092', '6a1bbf007a63070ffd51f28c', '6a1bbf007a63070ffd51f2ad', '6a1bbf007a63070ffd51f295', '6a1bbf007a63070ffd51f294', '6a1bbf007a63070ffd51f2a2', '6a1534a2f60ff5ddb53446b9', '6a1533aaa8a8edca581d3082', '6a1bbf007a63070ffd51f290', '6a1534a2f60ff5ddb53446bb', '6a1bbf007a63070ffd51f2a1', '6a1bbf007a63070ffd51f28b', '6a1bbf007a63070ffd51f28d', '6a1bbf007a63070ffd51f2aa', '6a1bbf007a63070ffd51f289', '6a1bbf007a63070ffd51f2ae', '6a1533aaa8a8edca581d3081', '6a1bbf007a63070ffd51f291', '6a1534a2f60ff5ddb53446be', '6a1bbf007a63070ffd51f29b', '6a1533aaa8a8edca581d3080', '6a1bbf007a63070ffd51f29a', '6a1bbf007a63070ffd51f28e']
DB documents found: 45
First DB doc: {'event_id': '6a153498f60ff5ddb53446b8', 's3_url': '/static/6a153498f60ff5ddb53446b8_20260526055026_WIN_20260525_13_55_44_Pro.jpg', 'folder_name': 'General', 'uploaded_by': 'mock_admin_123', 'uploaded_at': '2026-05-26 05:50:26.644935', 'is_processed': True, 'filename': 'WIN_20260525_13_55_44_Pro.jpg', '_id': '6a1534a2f60ff5ddb53446b9', 'faces_detected': 1, 'blur_score': 144.50138020409477, 'emotions': {'dominant_emotion': 'happy'}, 'captions': None}

--- MATCH FACE CALLED for event 1 ---
Selfie filename: dhanu.jpeg
Faces detected in selfie: 1
FAISS matched IDs: ['6a1bbf007a63070ffd51f2a7', '6a1bbf007a63070ffd51f287', '6a1bbf007a63070ffd51f296', '6a1534a2f60ff5ddb53446bf', '6a1bbf007a63070ffd51f29c', '6a1bbf007a63070ffd51f2a0', '6a1bbf007a63070ffd51f298', '6a1bbf007a63070ffd51f2a4', '6a1bbf007a63070ffd51f29d', '6a1bbf007a63070ffd51f2a8', '6a1bbf007a63070ffd51f299', '6a1534a2f60ff5ddb53446bd', '6a1bbf007a63070ffd51f29f', '6a1bbf007a63070ffd51f2a9', '6a1bbf007a63070ffd51f29e', '6a14931c7bb043acdbeb3091', '6a1bbf007a63070ffd51f2a3', '6a1bbf007a63070ffd51f28f', '6a1bbf007a63070ffd51f292', '6a1534a2f60ff5ddb53446c2', '6a1534a2f60ff5ddb53446bc', '6a1bbf007a63070ffd51f293', '6a1bbf007a63070ffd51f297', '6a1bbf007a63070ffd51f2a6', '6a1bbf007a63070ffd51f28a', '6a1bbf007a63070ffd51f288', '6a1534a2f60ff5ddb53446ba', '6a14931c7bb043acdbeb3092', '6a1bbf007a63070ffd51f28c', '6a1bbf007a63070ffd51f295', '6a1bbf007a63070ffd51f294', '6a1bbf007a63070ffd51f2a2', '6a1534a2f60ff5ddb53446b9', '6a1533aaa8a8edca581d3082', '6a1bbf007a63070ffd51f290', '6a1534a2f60ff5ddb53446bb', '6a1bbf007a63070ffd51f2a1', '6a1bbf007a63070ffd51f28b', '6a1bbf007a63070ffd51f28d', '6a1bbf007a63070ffd51f289', '6a1bbf007a63070ffd51f2ae', '6a1bbf007a63070ffd51f291', '6a1533aaa8a8edca581d3081', '6a1bbf007a63070ffd51f2a5', '6a1534a2f60ff5ddb53446be', '6a1bbf007a63070ffd51f29b', '6a1533aaa8a8edca581d3080', '6a1bbf007a63070ffd51f29a', '6a1534a2f60ff5ddb53446c0', '6a1bbf007a63070ffd51f28e']
DB documents found: 45
First DB doc: {'event_id': '6a153498f60ff5ddb53446b8', 's3_url': '/static/6a153498f60ff5ddb53446b8_20260526055026_WIN_20260525_13_55_44_Pro.jpg', 'folder_name': 'General', 'uploaded_by': 'mock_admin_123', 'uploaded_at': '2026-05-26 05:50:26.644935', 'is_processed': True, 'filename': 'WIN_20260525_13_55_44_Pro.jpg', '_id': '6a1534a2f60ff5ddb53446b9', 'faces_detected': 1, 'blur_score': 144.50138020409477, 'emotions': {'dominant_emotion': 'happy'}, 'captions': None}

--- MATCH FACE CALLED for event 1 ---
Selfie filename: vaibhav.jpeg
Faces detected in selfie: 1
FAISS matched IDs: []

--- MATCH FACE CALLED for event 1 ---
Selfie filename: aditya.jpeg
Faces detected in selfie: 1
FAISS matched IDs: []

--- MATCH FACE CALLED for event 1 ---
Selfie filename: dhanu.jpeg
Faces detected in selfie: 1
FAISS matched IDs: ['6a1bbf007a63070ffd51f2a7', '6a1bbf007a63070ffd51f287', '6a1bbf007a63070ffd51f296', '6a1534a2f60ff5ddb53446bf', '6a1bbf007a63070ffd51f29c', '6a1bbf007a63070ffd51f2a0', '6a1bbf007a63070ffd51f298', '6a1bbf007a63070ffd51f29d', '6a1bbf007a63070ffd51f2a4', '6a1bbf007a63070ffd51f2a8', '6a1bbf007a63070ffd51f299', '6a1534a2f60ff5ddb53446bd', '6a1bbf007a63070ffd51f29f', '6a1bbf007a63070ffd51f2a9', '6a1bbf007a63070ffd51f29e', '6a14931c7bb043acdbeb3091', '6a1bbf007a63070ffd51f2a3', '6a1bbf007a63070ffd51f28f', '6a1bbf007a63070ffd51f292', '6a1534a2f60ff5ddb53446c2', '6a1bbf007a63070ffd51f293', '6a1534a2f60ff5ddb53446bc', '6a1bbf007a63070ffd51f297', '6a1bbf007a63070ffd51f2a6', '6a1bbf007a63070ffd51f28a', '6a1bbf007a63070ffd51f288', '6a1534a2f60ff5ddb53446ba', '6a1bbf007a63070ffd51f28c', '6a14931c7bb043acdbeb3092', '6a1bbf007a63070ffd51f295', '6a1bbf007a63070ffd51f294', '6a1bbf007a63070ffd51f2a2', '6a1534a2f60ff5ddb53446b9', '6a1533aaa8a8edca581d3082', '6a1bbf007a63070ffd51f290', '6a1534a2f60ff5ddb53446bb', '6a1bbf007a63070ffd51f2a1', '6a1bbf007a63070ffd51f28b', '6a1bbf007a63070ffd51f28d', '6a1bbf007a63070ffd51f289', '6a1bbf007a63070ffd51f2ae', '6a1533aaa8a8edca581d3081', '6a1bbf007a63070ffd51f291', '6a1534a2f60ff5ddb53446be', '6a1bbf007a63070ffd51f2a5', '6a1bbf007a63070ffd51f29b', '6a1533aaa8a8edca581d3080', '6a1bbf007a63070ffd51f29a', '6a1534a2f60ff5ddb53446c0', '6a1bbf007a63070ffd51f28e']
DB documents found: 45
First DB doc: {'event_id': '6a153498f60ff5ddb53446b8', 's3_url': '/static/6a153498f60ff5ddb53446b8_20260526055026_WIN_20260525_13_55_44_Pro.jpg', 'folder_name': 'General', 'uploaded_by': 'mock_admin_123', 'uploaded_at': '2026-05-26 05:50:26.644935', 'is_processed': True, 'filename': 'WIN_20260525_13_55_44_Pro.jpg', '_id': '6a1534a2f60ff5ddb53446b9', 'faces_detected': 1, 'blur_score': 144.50138020409477, 'emotions': {'dominant_emotion': 'happy'}, 'captions': None}

--- MATCH FACE CALLED for event 1 ---
Selfie filename: dhan.jpeg
Faces detected in selfie: 1
FAISS matched IDs: ['6a1bbf007a63070ffd51f2a7', '6a1bbf007a63070ffd51f287', '6a1534a2f60ff5ddb53446bf', '6a1bbf007a63070ffd51f296', '6a1bbf007a63070ffd51f29c', '6a1bbf007a63070ffd51f2a0', '6a1bbf007a63070ffd51f298', '6a1bbf007a63070ffd51f29d', '6a1bbf007a63070ffd51f2a4', '6a1bbf007a63070ffd51f2a8', '6a1bbf007a63070ffd51f299', '6a1534a2f60ff5ddb53446bd', '6a1bbf007a63070ffd51f29f', '6a1bbf007a63070ffd51f2a9', '6a1bbf007a63070ffd51f29e', '6a14931c7bb043acdbeb3091', '6a1bbf007a63070ffd51f2a3', '6a1bbf007a63070ffd51f28f', '6a1bbf007a63070ffd51f292', '6a1534a2f60ff5ddb53446c2', '6a1534a2f60ff5ddb53446bc', '6a1bbf007a63070ffd51f293', '6a1bbf007a63070ffd51f297', '6a1bbf007a63070ffd51f2a6', '6a1bbf007a63070ffd51f28a', '6a1bbf007a63070ffd51f288', '6a1534a2f60ff5ddb53446ba', '6a14931c7bb043acdbeb3092', '6a1bbf007a63070ffd51f28c', '6a1bbf007a63070ffd51f295', '6a1bbf007a63070ffd51f294', '6a1bbf007a63070ffd51f2a2', '6a1534a2f60ff5ddb53446b9', '6a1533aaa8a8edca581d3082', '6a1bbf007a63070ffd51f290', '6a1534a2f60ff5ddb53446bb', '6a1bbf007a63070ffd51f2a1', '6a1bbf007a63070ffd51f28b', '6a1bbf007a63070ffd51f28d', '6a1bbf007a63070ffd51f289', '6a1bbf007a63070ffd51f2ae', '6a1533aaa8a8edca581d3081', '6a1bbf007a63070ffd51f291', '6a1534a2f60ff5ddb53446be', '6a1bbf007a63070ffd51f2a5', '6a1bbf007a63070ffd51f29b', '6a1533aaa8a8edca581d3080', '6a1bbf007a63070ffd51f29a', '6a1534a2f60ff5ddb53446c0', '6a1bbf007a63070ffd51f28e']
DB documents found: 45
First DB doc: {'event_id': '6a153498f60ff5ddb53446b8', 's3_url': '/static/6a153498f60ff5ddb53446b8_20260526055026_WIN_20260525_13_55_44_Pro.jpg', 'folder_name': 'General', 'uploaded_by': 'mock_admin_123', 'uploaded_at': '2026-05-26 05:50:26.644935', 'is_processed': True, 'filename': 'WIN_20260525_13_55_44_Pro.jpg', '_id': '6a1534a2f60ff5ddb53446b9', 'faces_detected': 1, 'blur_score': 144.50138020409477, 'emotions': {'dominant_emotion': 'happy'}, 'captions': None}

--- MATCH FACE CALLED for event 1 ---
Selfie filename: dha.jpeg
Faces detected in selfie: 1
FAISS matched IDs: ['6a1bbf007a63070ffd51f2a7', '6a1bbf007a63070ffd51f287', '6a1bbf007a63070ffd51f296', '6a1534a2f60ff5ddb53446bf', '6a1bbf007a63070ffd51f29c', '6a1bbf007a63070ffd51f2a0', '6a1bbf007a63070ffd51f298', '6a1bbf007a63070ffd51f29d', '6a1bbf007a63070ffd51f2a4', '6a1bbf007a63070ffd51f2a8', '6a1bbf007a63070ffd51f299', '6a1534a2f60ff5ddb53446bd', '6a1bbf007a63070ffd51f29f', '6a1bbf007a63070ffd51f2a9', '6a1bbf007a63070ffd51f29e', '6a14931c7bb043acdbeb3091', '6a1bbf007a63070ffd51f2a3', '6a1bbf007a63070ffd51f28f', '6a1bbf007a63070ffd51f292', '6a1534a2f60ff5ddb53446c2', '6a1bbf007a63070ffd51f293', '6a1534a2f60ff5ddb53446bc', '6a1bbf007a63070ffd51f297', '6a1bbf007a63070ffd51f2a6', '6a1bbf007a63070ffd51f28a', '6a1bbf007a63070ffd51f288', '6a1534a2f60ff5ddb53446ba', '6a1bbf007a63070ffd51f28c', '6a14931c7bb043acdbeb3092', '6a1bbf007a63070ffd51f295', '6a1bbf007a63070ffd51f294', '6a1bbf007a63070ffd51f2a2', '6a1534a2f60ff5ddb53446b9', '6a1533aaa8a8edca581d3082', '6a1bbf007a63070ffd51f290', '6a1534a2f60ff5ddb53446bb', '6a1bbf007a63070ffd51f2a1', '6a1bbf007a63070ffd51f28b', '6a1bbf007a63070ffd51f28d', '6a1bbf007a63070ffd51f289', '6a1bbf007a63070ffd51f2ae', '6a1533aaa8a8edca581d3081', '6a1bbf007a63070ffd51f291', '6a1534a2f60ff5ddb53446be', '6a1bbf007a63070ffd51f2a5', '6a1bbf007a63070ffd51f29b', '6a1533aaa8a8edca581d3080', '6a1bbf007a63070ffd51f29a', '6a1534a2f60ff5ddb53446c0', '6a1bbf007a63070ffd51f28e']
DB documents found: 45
First DB doc: {'event_id': '6a153498f60ff5ddb53446b8', 's3_url': '/static/6a153498f60ff5ddb53446b8_20260526055026_WIN_20260525_13_55_44_Pro.jpg', 'folder_name': 'General', 'uploaded_by': 'mock_admin_123', 'uploaded_at': '2026-05-26 05:50:26.644935', 'is_processed': True, 'filename': 'WIN_20260525_13_55_44_Pro.jpg', '_id': '6a1534a2f60ff5ddb53446b9', 'faces_detected': 1, 'blur_score': 144.50138020409477, 'emotions': {'dominant_emotion': 'happy'}, 'captions': None}

--- MATCH FACE CALLED for event 1 ---
Selfie filename: WIN_20260525_13_55_44_Pro - Copy - Copy.jpg
Faces detected in selfie: 1
FAISS matched IDs: ['6a1bbf007a63070ffd51f297', '6a1533aaa8a8edca581d3081', '6a1bbf007a63070ffd51f28e', '6a1bbf007a63070ffd51f291', '6a1bbf007a63070ffd51f28c', '6a1bbf007a63070ffd51f2a0', '6a1bbf007a63070ffd51f2a1', '6a1534a2f60ff5ddb53446bd', '6a1bbf007a63070ffd51f295', '6a1534a2f60ff5ddb53446ba', '6a1533aaa8a8edca581d3082', '6a1bbf007a63070ffd51f29d', '6a1bbf007a63070ffd51f29b', '6a1bbf007a63070ffd51f288', '6a14931c7bb043acdbeb3092', '6a1bbf007a63070ffd51f2a8', '6a1bbf007a63070ffd51f29f', '6a1bbf007a63070ffd51f296', '6a1bbf007a63070ffd51f2a2', '6a1bbf007a63070ffd51f293', '6a1534a2f60ff5ddb53446b9', '6a1bbf007a63070ffd51f2ab', '6a1bbf007a63070ffd51f28d', '6a1534a2f60ff5ddb53446bc', '6a1534a2f60ff5ddb53446bf', '6a1bbf007a63070ffd51f289', '6a1bbf007a63070ffd51f2a9', '6a1bbf007a63070ffd51f2ac', '6a1bbf007a63070ffd51f299', '6a1534a2f60ff5ddb53446be', '6a1bbf007a63070ffd51f28f', '6a1bbf007a63070ffd51f28a', '6a1534a2f60ff5ddb53446bb', '6a1533aaa8a8edca581d3080', '6a1bbf007a63070ffd51f2ae', '6a1bbf007a63070ffd51f294', '6a1bbf007a63070ffd51f298', '6a1bbf007a63070ffd51f2ad', '6a1bbf007a63070ffd51f28b', '6a1bbf007a63070ffd51f29a', '6a1bbf007a63070ffd51f2aa', '6a1bbf007a63070ffd51f2a7', '6a1bbf007a63070ffd51f287', '6a14931c7bb043acdbeb3091', '6a1534a2f60ff5ddb53446c1', '6a1bbf007a63070ffd51f290', '6a1bbf007a63070ffd51f292', '6a1bbf007a63070ffd51f29e', '6a1534a2f60ff5ddb53446c2', '6a1bbf007a63070ffd51f29c']
DB documents found: 45
First DB doc: {'event_id': '6a153498f60ff5ddb53446b8', 's3_url': '/static/6a153498f60ff5ddb53446b8_20260526055026_WIN_20260525_13_55_44_Pro.jpg', 'folder_name': 'General', 'uploaded_by': 'mock_admin_123', 'uploaded_at': '2026-05-26 05:50:26.644935', 'is_processed': True, 'filename': 'WIN_20260525_13_55_44_Pro.jpg', '_id': '6a1534a2f60ff5ddb53446b9', 'faces_detected': 1, 'blur_score': 144.50138020409477, 'emotions': {'dominant_emotion': 'happy'}, 'captions': None}

--- MATCH FACE CALLED for event 1 ---
Selfie filename: WIN_20260525_13_55_44_Pro - Copy - Copy.jpg
Faces detected in selfie: 1
FAISS matched IDs: ['6a1bbf007a63070ffd51f28f', '6a1bbf007a63070ffd51f287', '6a1bbf007a63070ffd51f298', '6a1bbf007a63070ffd51f28e', '6a1bbf007a63070ffd51f2a9', '6a1bbf007a63070ffd51f2ae', '6a1bbf007a63070ffd51f2a7', '6a1bbf007a63070ffd51f2aa', '6a1bbf007a63070ffd51f290', '6a1bbf007a63070ffd51f2a1', '6a1bbf007a63070ffd51f28b', '6a1534a2f60ff5ddb53446bf', '6a1534a2f60ff5ddb53446bd', '6a1534a2f60ff5ddb53446be', '6a1bbf007a63070ffd51f2ad', '6a1bbf007a63070ffd51f2ab', '6a1534a2f60ff5ddb53446c1', '6a1534a2f60ff5ddb53446c2', '6a1534a2f60ff5ddb53446bb', '6a1533aaa8a8edca581d3081', '6a1bbf007a63070ffd51f28c', '6a1bbf007a63070ffd51f29a', '6a14931c7bb043acdbeb3092', '6a1533aaa8a8edca581d3080', '6a1bbf007a63070ffd51f29d', '6a1bbf007a63070ffd51f297', '6a1bbf007a63070ffd51f29f', '6a14931c7bb043acdbeb3091', '6a1534a2f60ff5ddb53446ba', '6a1bbf007a63070ffd51f28a', '6a1bbf007a63070ffd51f2a0', '6a1bbf007a63070ffd51f299', '6a1bbf007a63070ffd51f29e', '6a1534a2f60ff5ddb53446b9', '6a1bbf007a63070ffd51f2a2', '6a1bbf007a63070ffd51f2ac', '6a1bbf007a63070ffd51f29b', '6a1bbf007a63070ffd51f288', '6a1bbf007a63070ffd51f291', '6a1534a2f60ff5ddb53446bc', '6a1bbf007a63070ffd51f296', '6a1bbf007a63070ffd51f293', '6a1bbf007a63070ffd51f292', '6a1bbf007a63070ffd51f28d', '6a1bbf007a63070ffd51f29c', '6a1bbf007a63070ffd51f295', '6a1533aaa8a8edca581d3082', '6a1bbf007a63070ffd51f289', '6a1bbf007a63070ffd51f294', '6a1bbf007a63070ffd51f2a8']
DB documents found: 45
First DB doc: {'event_id': '6a153498f60ff5ddb53446b8', 's3_url': '/static/6a153498f60ff5ddb53446b8_20260526055026_WIN_20260525_13_55_44_Pro.jpg', 'folder_name': 'General', 'uploaded_by': 'mock_admin_123', 'uploaded_at': '2026-05-26 05:50:26.644935', 'is_processed': True, 'filename': 'WIN_20260525_13_55_44_Pro.jpg', '_id': '6a1534a2f60ff5ddb53446b9', 'faces_detected': 1, 'blur_score': 144.50138020409477, 'emotions': {'dominant_emotion': 'happy'}, 'captions': None}

--- UPLOAD CALLED for event 6a153498f60ff5ddb53446b8 ---
Uploaded filename: 6a153498f60ff5ddb53446b8_20260602035545_WIN_20260602_09_24_49_Pro.mp4
Assigned DB _id: 6a1e54418821ab1b30c6e8bb

--- UPLOAD CALLED for event 6a153498f60ff5ddb53446b8 ---
Uploaded filename: 6a153498f60ff5ddb53446b8_20260602035545_WIN_20260602_09_24_59_Pro.mp4
Assigned DB _id: 6a1e54418821ab1b30c6e8bc
Background task found NO FACES for _id: 6a1e54418821ab1b30c6e8bb
Background task found NO FACES for _id: 6a1e54418821ab1b30c6e8bc

--- MATCH FACE CALLED for event 1 ---
Selfie filename: WIN_20260525_13_55_44_Pro - Copy - Copy.jpg
Faces detected in selfie: 1
FAISS matched IDs: ['6a1bbf007a63070ffd51f28f', '6a1bbf007a63070ffd51f287', '6a1bbf007a63070ffd51f298', '6a1bbf007a63070ffd51f28e', '6a1bbf007a63070ffd51f2a9', '6a1bbf007a63070ffd51f2ae', '6a1bbf007a63070ffd51f2a7', '6a1bbf007a63070ffd51f2aa', '6a1bbf007a63070ffd51f290', '6a1bbf007a63070ffd51f2a1', '6a1bbf007a63070ffd51f28b', '6a1534a2f60ff5ddb53446bf', '6a1534a2f60ff5ddb53446bd', '6a1534a2f60ff5ddb53446be', '6a1bbf007a63070ffd51f2ad', '6a1bbf007a63070ffd51f2ab', '6a1534a2f60ff5ddb53446c1', '6a1534a2f60ff5ddb53446c2', '6a1534a2f60ff5ddb53446bb', '6a1533aaa8a8edca581d3081', '6a1bbf007a63070ffd51f28c', '6a1bbf007a63070ffd51f29a', '6a14931c7bb043acdbeb3092', '6a1533aaa8a8edca581d3080', '6a1bbf007a63070ffd51f29d', '6a1bbf007a63070ffd51f297', '6a1bbf007a63070ffd51f29f', '6a14931c7bb043acdbeb3091', '6a1534a2f60ff5ddb53446ba', '6a1bbf007a63070ffd51f28a', '6a1bbf007a63070ffd51f2a0', '6a1bbf007a63070ffd51f299', '6a1bbf007a63070ffd51f29e', '6a1534a2f60ff5ddb53446b9', '6a1bbf007a63070ffd51f2a2', '6a1bbf007a63070ffd51f2ac', '6a1bbf007a63070ffd51f29b', '6a1bbf007a63070ffd51f288', '6a1bbf007a63070ffd51f291', '6a1534a2f60ff5ddb53446bc', '6a1bbf007a63070ffd51f296', '6a1bbf007a63070ffd51f293', '6a1bbf007a63070ffd51f292', '6a1bbf007a63070ffd51f28d', '6a1bbf007a63070ffd51f29c', '6a1bbf007a63070ffd51f295', '6a1533aaa8a8edca581d3082', '6a1bbf007a63070ffd51f289', '6a1bbf007a63070ffd51f294', '6a1bbf007a63070ffd51f2a8']
DB documents found: 45
First DB doc: {'event_id': '6a153498f60ff5ddb53446b8', 's3_url': '/static/6a153498f60ff5ddb53446b8_20260526055026_WIN_20260525_13_55_44_Pro.jpg', 'folder_name': 'General', 'uploaded_by': 'mock_admin_123', 'uploaded_at': '2026-05-26 05:50:26.644935', 'is_processed': True, 'filename': 'WIN_20260525_13_55_44_Pro.jpg', '_id': '6a1534a2f60ff5ddb53446b9', 'faces_detected': 1, 'blur_score': 144.50138020409477, 'emotions': {'dominant_emotion': 'happy'}, 'captions': None}

--- MATCH FACE CALLED for event 1 ---
Selfie filename: WIN_20260525_13_55_44_Pro - Copy - Copy.jpg
Faces detected in selfie: 1
FAISS matched IDs: ['6a1bbf007a63070ffd51f295', '6a1bbf007a63070ffd51f2ab', '6a1bbf007a63070ffd51f293', '6a1bbf007a63070ffd51f2a0', '6a1bbf007a63070ffd51f2a1', '6a1bbf007a63070ffd51f2a2', '6a1533aaa8a8edca581d3082', '6a1bbf007a63070ffd51f2ac', '6a1bbf007a63070ffd51f289', '6a1bbf007a63070ffd51f28a', '6a1bbf007a63070ffd51f29d', '6a1533aaa8a8edca581d3080', '6a1bbf007a63070ffd51f2aa', '6a1bbf007a63070ffd51f287', '6a1534a2f60ff5ddb53446bf', '6a1bbf007a63070ffd51f28f', '6a1bbf007a63070ffd51f299', '6a1534a2f60ff5ddb53446be', '6a1bbf007a63070ffd51f2ad', '6a1bbf007a63070ffd51f297', '6a1bbf007a63070ffd51f29a', '6a1534a2f60ff5ddb53446bd', '6a1bbf007a63070ffd51f291', '6a1bbf007a63070ffd51f296', '6a1534a2f60ff5ddb53446b9', '6a1bbf007a63070ffd51f28d', '6a1534a2f60ff5ddb53446c1', '6a1bbf007a63070ffd51f29f', '6a1bbf007a63070ffd51f290', '6a1bbf007a63070ffd51f29b', '6a1533aaa8a8edca581d3081', '6a1bbf007a63070ffd51f28e', '6a1534a2f60ff5ddb53446ba', '6a14931c7bb043acdbeb3091', '6a1bbf007a63070ffd51f28c', '6a1534a2f60ff5ddb53446c2', '6a1bbf007a63070ffd51f2a7', '6a1bbf007a63070ffd51f294', '6a1bbf007a63070ffd51f2ae', '6a1bbf007a63070ffd51f298', '6a1534a2f60ff5ddb53446bb', '6a1bbf007a63070ffd51f28b', '6a14931c7bb043acdbeb3092', '6a1534a2f60ff5ddb53446bc', '6a1bbf007a63070ffd51f2a9', '6a1bbf007a63070ffd51f292', '6a1bbf007a63070ffd51f29c', '6a1bbf007a63070ffd51f2a8', '6a1bbf007a63070ffd51f288', '6a1bbf007a63070ffd51f29e']
DB documents found: 45
First DB doc: {'event_id': '6a153498f60ff5ddb53446b8', 's3_url': '/static/6a153498f60ff5ddb53446b8_20260526055026_WIN_20260525_13_55_44_Pro.jpg', 'folder_name': 'General', 'uploaded_by': 'mock_admin_123', 'uploaded_at': '2026-05-26 05:50:26.644935', 'is_processed': True, 'filename': 'WIN_20260525_13_55_44_Pro.jpg', '_id': '6a1534a2f60ff5ddb53446b9', 'faces_detected': 1, 'blur_score': 144.50138020409477, 'emotions': {'dominant_emotion': 'happy'}, 'captions': None}

--- MATCH FACE CALLED for event 1 ---
Selfie filename: WIN_20260525_13_55_44_Pro - Copy - Copy.jpg
Faces detected in selfie: 1
FAISS matched IDs: ['6a1534a2f60ff5ddb53446c1', '6a1534a2f60ff5ddb53446be', '6a1534a2f60ff5ddb53446ba', '6a1bbf007a63070ffd51f292', '6a1bbf007a63070ffd51f29d', '6a1533aaa8a8edca581d3080', '6a1534a2f60ff5ddb53446bc', '6a1534a2f60ff5ddb53446bd', '6a1bbf007a63070ffd51f28e', '6a1bbf007a63070ffd51f2a1', '6a1533aaa8a8edca581d3081', '6a1534a2f60ff5ddb53446bb', '6a1bbf007a63070ffd51f29e', '6a1bbf007a63070ffd51f2a9', '6a1bbf007a63070ffd51f2ae', '6a1bbf007a63070ffd51f29a', '6a1bbf007a63070ffd51f28a', '6a1534a2f60ff5ddb53446c2', '6a1534a2f60ff5ddb53446b9', '6a1bbf007a63070ffd51f296', '6a1bbf007a63070ffd51f299', '6a1534a2f60ff5ddb53446bf', '6a1bbf007a63070ffd51f287', '6a14931c7bb043acdbeb3091', '6a1bbf007a63070ffd51f2ac', '6a1bbf007a63070ffd51f2ad', '6a1bbf007a63070ffd51f290', '6a1bbf007a63070ffd51f2aa', '6a1bbf007a63070ffd51f2a2', '6a1bbf007a63070ffd51f294', '6a1bbf007a63070ffd51f289', '6a1bbf007a63070ffd51f28c', '6a14931c7bb043acdbeb3092', '6a1bbf007a63070ffd51f295', '6a1bbf007a63070ffd51f291', '6a1bbf007a63070ffd51f29c', '6a1bbf007a63070ffd51f28f', '6a1bbf007a63070ffd51f293', '6a1bbf007a63070ffd51f28d', '6a1533aaa8a8edca581d3082', '6a1bbf007a63070ffd51f288', '6a1bbf007a63070ffd51f2a0', '6a1bbf007a63070ffd51f29f', '6a1bbf007a63070ffd51f297', '6a1bbf007a63070ffd51f2ab', '6a1bbf007a63070ffd51f2a8', '6a1bbf007a63070ffd51f28b', '6a1bbf007a63070ffd51f2a7', '6a1bbf007a63070ffd51f298', '6a1bbf007a63070ffd51f29b']
DB documents found: 45
First DB doc: {'event_id': '6a153498f60ff5ddb53446b8', 's3_url': '/static/6a153498f60ff5ddb53446b8_20260526055026_WIN_20260525_13_55_44_Pro.jpg', 'folder_name': 'General', 'uploaded_by': 'mock_admin_123', 'uploaded_at': '2026-05-26 05:50:26.644935', 'is_processed': True, 'filename': 'WIN_20260525_13_55_44_Pro.jpg', '_id': '6a1534a2f60ff5ddb53446b9', 'faces_detected': 1, 'blur_score': 144.50138020409477, 'emotions': {'dominant_emotion': 'happy'}, 'captions': None}

--- MATCH FACE CALLED for event 1 ---
Selfie filename: WIN_20260525_13_55_44_Pro - Copy (2).jpg
Faces detected in selfie: 1
FAISS matched IDs: ['6a1534a2f60ff5ddb53446be', '6a1bbf007a63070ffd51f28b', '6a1bbf007a63070ffd51f2a2', '6a1bbf007a63070ffd51f29f', '6a1bbf007a63070ffd51f2a1', '6a1534a2f60ff5ddb53446bf', '6a1bbf007a63070ffd51f29b', '6a1534a2f60ff5ddb53446c1', '6a1bbf007a63070ffd51f2a7', '6a1bbf007a63070ffd51f2ab', '6a1533aaa8a8edca581d3081', '6a1bbf007a63070ffd51f28d', '6a1534a2f60ff5ddb53446bc', '6a1bbf007a63070ffd51f2ae', '6a1bbf007a63070ffd51f289', '6a1bbf007a63070ffd51f287', '6a1bbf007a63070ffd51f28e', '6a1bbf007a63070ffd51f295', '6a1bbf007a63070ffd51f2aa', '6a1bbf007a63070ffd51f291', '6a1bbf007a63070ffd51f2ac', '6a1533aaa8a8edca581d3080', '6a1bbf007a63070ffd51f288', '6a1bbf007a63070ffd51f2ad', '6a1bbf007a63070ffd51f28a', '6a1bbf007a63070ffd51f2a9', '6a1bbf007a63070ffd51f299', '6a1bbf007a63070ffd51f28c', '6a1534a2f60ff5ddb53446c2', '6a1bbf007a63070ffd51f293', '6a1534a2f60ff5ddb53446b9', '6a1bbf007a63070ffd51f292', '6a1bbf007a63070ffd51f294', '6a1534a2f60ff5ddb53446bd', '6a1bbf007a63070ffd51f29e', '6a14931c7bb043acdbeb3092', '6a1bbf007a63070ffd51f29d', '6a1bbf007a63070ffd51f29a', '6a1bbf007a63070ffd51f298', '6a1bbf007a63070ffd51f29c', '6a1534a2f60ff5ddb53446ba', '6a1bbf007a63070ffd51f290', '6a1bbf007a63070ffd51f297', '6a1bbf007a63070ffd51f28f', '6a1bbf007a63070ffd51f2a0', '6a1bbf007a63070ffd51f2a8', '6a1bbf007a63070ffd51f296', '6a1534a2f60ff5ddb53446bb', '6a14931c7bb043acdbeb3091', '6a1533aaa8a8edca581d3082']
DB documents found: 45
First DB doc: {'event_id': '6a153498f60ff5ddb53446b8', 's3_url': '/static/6a153498f60ff5ddb53446b8_20260526055026_WIN_20260525_13_55_44_Pro.jpg', 'folder_name': 'General', 'uploaded_by': 'mock_admin_123', 'uploaded_at': '2026-05-26 05:50:26.644935', 'is_processed': True, 'filename': 'WIN_20260525_13_55_44_Pro.jpg', '_id': '6a1534a2f60ff5ddb53446b9', 'faces_detected': 1, 'blur_score': 144.50138020409477, 'emotions': {'dominant_emotion': 'happy'}, 'captions': None}

--- MATCH FACE CALLED for event 1 ---
Selfie filename: WIN_20260525_13_55_44_Pro - Copy - Copy.jpg
Faces detected in selfie: 1
FAISS matched IDs: ['6a14931c7bb043acdbeb3091', '6a1bbf007a63070ffd51f28b', '6a1bbf007a63070ffd51f28f', '6a1533aaa8a8edca581d3080', '6a1bbf007a63070ffd51f287', '6a1bbf007a63070ffd51f28c', '6a1534a2f60ff5ddb53446c2', '6a1534a2f60ff5ddb53446be', '6a1bbf007a63070ffd51f293', '6a1534a2f60ff5ddb53446c1', '6a1bbf007a63070ffd51f290', '6a1bbf007a63070ffd51f292', '6a1bbf007a63070ffd51f29b', '6a1534a2f60ff5ddb53446ba', '6a1bbf007a63070ffd51f2a1', '6a1bbf007a63070ffd51f29d', '6a1bbf007a63070ffd51f28d', '6a1bbf007a63070ffd51f28a', '6a1bbf007a63070ffd51f296', '6a1bbf007a63070ffd51f29c', '6a1bbf007a63070ffd51f2aa', '6a1534a2f60ff5ddb53446b9', '6a1534a2f60ff5ddb53446bf', '6a1533aaa8a8edca581d3081', '6a1bbf007a63070ffd51f2a2', '6a1534a2f60ff5ddb53446bb', '6a1bbf007a63070ffd51f291', '6a1bbf007a63070ffd51f2ae', '6a1bbf007a63070ffd51f299', '6a1bbf007a63070ffd51f2ac', '6a1533aaa8a8edca581d3082', '6a1bbf007a63070ffd51f295', '6a1534a2f60ff5ddb53446bc', '6a1bbf007a63070ffd51f28e', '6a1bbf007a63070ffd51f2ad', '6a1bbf007a63070ffd51f2a9', '6a1534a2f60ff5ddb53446bd', '6a1bbf007a63070ffd51f29a', '6a14931c7bb043acdbeb3092', '6a1bbf007a63070ffd51f2a8', '6a1bbf007a63070ffd51f289', '6a1bbf007a63070ffd51f297', '6a1bbf007a63070ffd51f288', '6a1bbf007a63070ffd51f2a7', '6a1bbf007a63070ffd51f29e', '6a1bbf007a63070ffd51f294', '6a1bbf007a63070ffd51f2ab', '6a1bbf007a63070ffd51f298', '6a1bbf007a63070ffd51f29f', '6a1bbf007a63070ffd51f2a0']
DB documents found: 45
First DB doc: {'event_id': '6a153498f60ff5ddb53446b8', 's3_url': '/static/6a153498f60ff5ddb53446b8_20260526055026_WIN_20260525_13_55_44_Pro.jpg', 'folder_name': 'General', 'uploaded_by': 'mock_admin_123', 'uploaded_at': '2026-05-26 05:50:26.644935', 'is_processed': True, 'filename': 'WIN_20260525_13_55_44_Pro.jpg', '_id': '6a1534a2f60ff5ddb53446b9', 'faces_detected': 1, 'blur_score': 144.50138020409477, 'emotions': {'dominant_emotion': 'happy'}, 'captions': None}

--- MATCH FACE CALLED for event 1 ---
Selfie filename: WIN_20260525_13_55_44_Pro - Copy - Copy.jpg
Faces detected in selfie: 1
FAISS matched IDs: ['6a14931c7bb043acdbeb3091', '6a1bbf007a63070ffd51f28b', '6a1bbf007a63070ffd51f28f', '6a1533aaa8a8edca581d3080', '6a1bbf007a63070ffd51f287', '6a1bbf007a63070ffd51f28c', '6a1534a2f60ff5ddb53446c2', '6a1534a2f60ff5ddb53446be', '6a1bbf007a63070ffd51f293', '6a1534a2f60ff5ddb53446c1', '6a1bbf007a63070ffd51f290', '6a1bbf007a63070ffd51f292', '6a1bbf007a63070ffd51f29b', '6a1534a2f60ff5ddb53446ba', '6a1bbf007a63070ffd51f2a1', '6a1bbf007a63070ffd51f29d', '6a1bbf007a63070ffd51f28d', '6a1bbf007a63070ffd51f28a', '6a1bbf007a63070ffd51f296', '6a1bbf007a63070ffd51f29c', '6a1bbf007a63070ffd51f2aa', '6a1534a2f60ff5ddb53446b9', '6a1534a2f60ff5ddb53446bf', '6a1533aaa8a8edca581d3081', '6a1bbf007a63070ffd51f2a2', '6a1534a2f60ff5ddb53446bb', '6a1bbf007a63070ffd51f291', '6a1bbf007a63070ffd51f2ae', '6a1bbf007a63070ffd51f299', '6a1bbf007a63070ffd51f2ac', '6a1533aaa8a8edca581d3082', '6a1bbf007a63070ffd51f295', '6a1534a2f60ff5ddb53446bc', '6a1bbf007a63070ffd51f28e', '6a1bbf007a63070ffd51f2ad', '6a1bbf007a63070ffd51f2a9', '6a1534a2f60ff5ddb53446bd', '6a1bbf007a63070ffd51f29a', '6a14931c7bb043acdbeb3092', '6a1bbf007a63070ffd51f2a8', '6a1bbf007a63070ffd51f289', '6a1bbf007a63070ffd51f297', '6a1bbf007a63070ffd51f288', '6a1bbf007a63070ffd51f2a7', '6a1bbf007a63070ffd51f29e', '6a1bbf007a63070ffd51f294', '6a1bbf007a63070ffd51f2ab', '6a1bbf007a63070ffd51f298', '6a1bbf007a63070ffd51f29f', '6a1bbf007a63070ffd51f2a0']
DB documents found: 45
First DB doc: {'event_id': '6a153498f60ff5ddb53446b8', 's3_url': '/static/6a153498f60ff5ddb53446b8_20260526055026_WIN_20260525_13_55_44_Pro.jpg', 'folder_name': 'General', 'uploaded_by': 'mock_admin_123', 'uploaded_at': '2026-05-26 05:50:26.644935', 'is_processed': True, 'filename': 'WIN_20260525_13_55_44_Pro.jpg', '_id': '6a1534a2f60ff5ddb53446b9', 'faces_detected': 1, 'blur_score': 144.50138020409477, 'emotions': {'dominant_emotion': 'happy'}, 'captions': None}

--- MATCH FACE CALLED for event 1 ---
Selfie filename: WIN_20260525_13_55_44_Pro - Copy - Copy.jpg
Faces detected in selfie: 1
FAISS matched IDs: ['6a1bbf007a63070ffd51f2ac', '6a1bbf007a63070ffd51f29e', '6a1bbf007a63070ffd51f2ab', '6a1bbf007a63070ffd51f297', '6a1bbf007a63070ffd51f28f', '6a1bbf007a63070ffd51f295', '6a1534a2f60ff5ddb53446c1', '6a1533aaa8a8edca581d3080', '6a1bbf007a63070ffd51f2ae', '6a1bbf007a63070ffd51f2a8', '6a1bbf007a63070ffd51f29b', '6a1534a2f60ff5ddb53446bb', '6a1bbf007a63070ffd51f2aa', '6a1bbf007a63070ffd51f28b', '6a1533aaa8a8edca581d3082', '6a1bbf007a63070ffd51f293', '6a1bbf007a63070ffd51f288', '6a1bbf007a63070ffd51f287', '6a1bbf007a63070ffd51f292', '6a1bbf007a63070ffd51f29c', '6a1bbf007a63070ffd51f289', '6a1bbf007a63070ffd51f298', '6a1bbf007a63070ffd51f2a2', '6a1534a2f60ff5ddb53446c2', '6a1bbf007a63070ffd51f2a7', '6a1bbf007a63070ffd51f290', '6a1534a2f60ff5ddb53446ba', '6a1bbf007a63070ffd51f29f', '6a1534a2f60ff5ddb53446bf', '6a1bbf007a63070ffd51f28c', '6a1bbf007a63070ffd51f29d', '6a1bbf007a63070ffd51f296', '6a1bbf007a63070ffd51f299', '6a1bbf007a63070ffd51f28e', '6a1534a2f60ff5ddb53446bd', '6a1bbf007a63070ffd51f28a', '6a1bbf007a63070ffd51f2a0', '6a1bbf007a63070ffd51f2a1', '6a1bbf007a63070ffd51f2ad', '6a1bbf007a63070ffd51f29a', '6a1bbf007a63070ffd51f291', '6a1533aaa8a8edca581d3081', '6a14931c7bb043acdbeb3092', '6a1bbf007a63070ffd51f294', '6a1534a2f60ff5ddb53446be', '6a14931c7bb043acdbeb3091', '6a1534a2f60ff5ddb53446bc', '6a1bbf007a63070ffd51f28d', '6a1bbf007a63070ffd51f2a9', '6a1534a2f60ff5ddb53446b9']
DB documents found: 45
First DB doc: {'event_id': '6a153498f60ff5ddb53446b8', 's3_url': '/static/6a153498f60ff5ddb53446b8_20260526055026_WIN_20260525_13_55_44_Pro.jpg', 'folder_name': 'General', 'uploaded_by': 'mock_admin_123', 'uploaded_at': '2026-05-26 05:50:26.644935', 'is_processed': True, 'filename': 'WIN_20260525_13_55_44_Pro.jpg', '_id': '6a1534a2f60ff5ddb53446b9', 'faces_detected': 1, 'blur_score': 144.50138020409477, 'emotions': {'dominant_emotion': 'happy'}, 'captions': None}

--- UPLOAD CALLED for event 6a1e7c65fd14285962c9c723 ---
Uploaded filename: 6a1e7c65fd14285962c9c723_20260602064723_WIN_20260525_13_55_44_Pro - Copy - Copy.jpg
Assigned DB _id: 6a1e7c7bfd14285962c9c724

--- UPLOAD CALLED for event 6a1e7c65fd14285962c9c723 ---
Uploaded filename: 6a1e7c65fd14285962c9c723_20260602064723_WIN_20260525_13_55_44_Pro - Copy (2).jpg
Assigned DB _id: 6a1e7c7bfd14285962c9c725

--- UPLOAD CALLED for event 6a1e7c65fd14285962c9c723 ---
Uploaded filename: 6a1e7c65fd14285962c9c723_20260602064723_WIN_20260525_13_55_44_Pro - Copy.jpg
Assigned DB _id: 6a1e7c7bfd14285962c9c726

--- UPLOAD CALLED for event 6a1e7c65fd14285962c9c723 ---
Uploaded filename: 6a1e7c65fd14285962c9c723_20260602064723_WIN_20260525_13_55_44_Pro.jpg
Assigned DB _id: 6a1e7c7bfd14285962c9c727

--- UPLOAD CALLED for event 6a1e7c65fd14285962c9c723 ---
Uploaded filename: 6a1e7c65fd14285962c9c723_20260602064723_WIN_20260525_13_55_48_Pro - Copy - Copy.jpg
Assigned DB _id: 6a1e7c7bfd14285962c9c728

--- UPLOAD CALLED for event 6a1e7c65fd14285962c9c723 ---
Uploaded filename: 6a1e7c65fd14285962c9c723_20260602064723_WIN_20260525_13_55_48_Pro - Copy (2).jpg
Assigned DB _id: 6a1e7c7bfd14285962c9c729

--- UPLOAD CALLED for event 6a1e7c65fd14285962c9c723 ---
Uploaded filename: 6a1e7c65fd14285962c9c723_20260602064723_WIN_20260525_13_55_48_Pro - Copy.jpg
Assigned DB _id: 6a1e7c7bfd14285962c9c72a

--- UPLOAD CALLED for event 6a1e7c65fd14285962c9c723 ---
Uploaded filename: 6a1e7c65fd14285962c9c723_20260602064723_WIN_20260525_13_55_48_Pro.jpg
Assigned DB _id: 6a1e7c7bfd14285962c9c72b

--- UPLOAD CALLED for event 6a1e7c65fd14285962c9c723 ---
Uploaded filename: 6a1e7c65fd14285962c9c723_20260602064723_WIN_20260525_13_55_50_Pro - Copy - Copy.jpg
Assigned DB _id: 6a1e7c7bfd14285962c9c72c

--- UPLOAD CALLED for event 6a1e7c65fd14285962c9c723 ---
Uploaded filename: 6a1e7c65fd14285962c9c723_20260602064723_WIN_20260525_13_55_50_Pro - Copy (2).jpg
Assigned DB _id: 6a1e7c7bfd14285962c9c72d

--- UPLOAD CALLED for event 6a1e7c65fd14285962c9c723 ---
Uploaded filename: 6a1e7c65fd14285962c9c723_20260602064723_WIN_20260525_13_55_50_Pro - Copy.jpg
Assigned DB _id: 6a1e7c7bfd14285962c9c72e

--- UPLOAD CALLED for event 6a1e7c65fd14285962c9c723 ---
Uploaded filename: 6a1e7c65fd14285962c9c723_20260602064723_WIN_20260525_13_55_50_Pro.jpg
Assigned DB _id: 6a1e7c7bfd14285962c9c72f

--- UPLOAD CALLED for event 6a1e7c65fd14285962c9c723 ---
Uploaded filename: 6a1e7c65fd14285962c9c723_20260602064723_WIN_20260526_11_18_45_Pro - Copy - Copy.jpg
Assigned DB _id: 6a1e7c7bfd14285962c9c730

--- UPLOAD CALLED for event 6a1e7c65fd14285962c9c723 ---
Uploaded filename: 6a1e7c65fd14285962c9c723_20260602064723_WIN_20260526_11_18_45_Pro - Copy (2).jpg
Assigned DB _id: 6a1e7c7bfd14285962c9c731

--- UPLOAD CALLED for event 6a1e7c65fd14285962c9c723 ---
Uploaded filename: 6a1e7c65fd14285962c9c723_20260602064723_WIN_20260526_11_18_45_Pro - Copy.jpg
Assigned DB _id: 6a1e7c7bfd14285962c9c732

--- UPLOAD CALLED for event 6a1e7c65fd14285962c9c723 ---
Uploaded filename: 6a1e7c65fd14285962c9c723_20260602064723_WIN_20260526_11_18_45_Pro.jpg
Assigned DB _id: 6a1e7c7bfd14285962c9c733

--- UPLOAD CALLED for event 6a1e7c65fd14285962c9c723 ---
Uploaded filename: 6a1e7c65fd14285962c9c723_20260602064723_WIN_20260526_11_18_46_Pro - Copy - Copy.jpg
Assigned DB _id: 6a1e7c7bfd14285962c9c734

--- UPLOAD CALLED for event 6a1e7c65fd14285962c9c723 ---
Uploaded filename: 6a1e7c65fd14285962c9c723_20260602064723_WIN_20260526_11_18_46_Pro - Copy (2).jpg
Assigned DB _id: 6a1e7c7bfd14285962c9c735

--- UPLOAD CALLED for event 6a1e7c65fd14285962c9c723 ---
Uploaded filename: 6a1e7c65fd14285962c9c723_20260602064723_WIN_20260526_11_18_46_Pro - Copy.jpg
Assigned DB _id: 6a1e7c7bfd14285962c9c736

--- UPLOAD CALLED for event 6a1e7c65fd14285962c9c723 ---
Uploaded filename: 6a1e7c65fd14285962c9c723_20260602064723_WIN_20260526_11_18_46_Pro.jpg
Assigned DB _id: 6a1e7c7bfd14285962c9c737

--- UPLOAD CALLED for event 6a1e7c65fd14285962c9c723 ---
Uploaded filename: 6a1e7c65fd14285962c9c723_20260602064723_WIN_20260526_11_18_47_Pro - Copy - Copy.jpg
Assigned DB _id: 6a1e7c7bfd14285962c9c738

--- UPLOAD CALLED for event 6a1e7c65fd14285962c9c723 ---
Uploaded filename: 6a1e7c65fd14285962c9c723_20260602064723_WIN_20260526_11_18_47_Pro - Copy (2).jpg
Assigned DB _id: 6a1e7c7bfd14285962c9c739

--- UPLOAD CALLED for event 6a1e7c65fd14285962c9c723 ---
Uploaded filename: 6a1e7c65fd14285962c9c723_20260602064723_WIN_20260526_11_18_47_Pro - Copy.jpg
Assigned DB _id: 6a1e7c7bfd14285962c9c73a

--- UPLOAD CALLED for event 6a1e7c65fd14285962c9c723 ---
Uploaded filename: 6a1e7c65fd14285962c9c723_20260602064723_WIN_20260526_11_18_47_Pro.jpg
Assigned DB _id: 6a1e7c7cfd14285962c9c73b

--- UPLOAD CALLED for event 6a1e7c65fd14285962c9c723 ---
Uploaded filename: 6a1e7c65fd14285962c9c723_20260602064724_WIN_20260526_11_18_48_Pro - Copy - Copy.jpg
Assigned DB _id: 6a1e7c7cfd14285962c9c73c

--- UPLOAD CALLED for event 6a1e7c65fd14285962c9c723 ---
Uploaded filename: 6a1e7c65fd14285962c9c723_20260602064724_WIN_20260526_11_18_48_Pro - Copy (2).jpg
Assigned DB _id: 6a1e7c7cfd14285962c9c73d

--- UPLOAD CALLED for event 6a1e7c65fd14285962c9c723 ---
Uploaded filename: 6a1e7c65fd14285962c9c723_20260602064724_WIN_20260526_11_18_48_Pro - Copy.jpg
Assigned DB _id: 6a1e7c7cfd14285962c9c73e

--- UPLOAD CALLED for event 6a1e7c65fd14285962c9c723 ---
Uploaded filename: 6a1e7c65fd14285962c9c723_20260602064724_WIN_20260526_11_18_48_Pro.jpg
Assigned DB _id: 6a1e7c7cfd14285962c9c73f

--- UPLOAD CALLED for event 6a1e7c65fd14285962c9c723 ---
Uploaded filename: 6a1e7c65fd14285962c9c723_20260602064724_WIN_20260526_11_18_50_Pro - Copy - Copy.jpg
Assigned DB _id: 6a1e7c7cfd14285962c9c740

--- UPLOAD CALLED for event 6a1e7c65fd14285962c9c723 ---
Uploaded filename: 6a1e7c65fd14285962c9c723_20260602064724_WIN_20260526_11_18_50_Pro - Copy (2).jpg
Assigned DB _id: 6a1e7c7cfd14285962c9c741

--- UPLOAD CALLED for event 6a1e7c65fd14285962c9c723 ---
Uploaded filename: 6a1e7c65fd14285962c9c723_20260602064724_WIN_20260526_11_18_50_Pro - Copy.jpg
Assigned DB _id: 6a1e7c7cfd14285962c9c742

--- UPLOAD CALLED for event 6a1e7c65fd14285962c9c723 ---
Uploaded filename: 6a1e7c65fd14285962c9c723_20260602064724_WIN_20260526_11_18_50_Pro.jpg
Assigned DB _id: 6a1e7c7cfd14285962c9c743

--- UPLOAD CALLED for event 6a1e7c65fd14285962c9c723 ---
Uploaded filename: 6a1e7c65fd14285962c9c723_20260602064724_WIN_20260526_11_18_52_Pro - Copy - Copy.jpg
Assigned DB _id: 6a1e7c7cfd14285962c9c744

--- UPLOAD CALLED for event 6a1e7c65fd14285962c9c723 ---
Uploaded filename: 6a1e7c65fd14285962c9c723_20260602064724_WIN_20260526_11_18_52_Pro - Copy (2).jpg
Assigned DB _id: 6a1e7c7cfd14285962c9c745

--- UPLOAD CALLED for event 6a1e7c65fd14285962c9c723 ---
Uploaded filename: 6a1e7c65fd14285962c9c723_20260602064724_WIN_20260526_11_18_52_Pro - Copy.jpg
Assigned DB _id: 6a1e7c7cfd14285962c9c746

--- UPLOAD CALLED for event 6a1e7c65fd14285962c9c723 ---
Uploaded filename: 6a1e7c65fd14285962c9c723_20260602064724_WIN_20260526_11_18_52_Pro (2) - Copy - Copy.jpg
Assigned DB _id: 6a1e7c7cfd14285962c9c747

--- UPLOAD CALLED for event 6a1e7c65fd14285962c9c723 ---
Uploaded filename: 6a1e7c65fd14285962c9c723_20260602064724_WIN_20260526_11_18_52_Pro (2) - Copy.jpg
Assigned DB _id: 6a1e7c7cfd14285962c9c748

--- UPLOAD CALLED for event 6a1e7c65fd14285962c9c723 ---
Uploaded filename: 6a1e7c65fd14285962c9c723_20260602064724_WIN_20260526_11_18_52_Pro (2).jpg
Assigned DB _id: 6a1e7c7cfd14285962c9c749

--- UPLOAD CALLED for event 6a1e7c65fd14285962c9c723 ---
Uploaded filename: 6a1e7c65fd14285962c9c723_20260602064724_WIN_20260526_11_18_52_Pro (3) - Copy.jpg
Assigned DB _id: 6a1e7c7cfd14285962c9c74a

--- UPLOAD CALLED for event 6a1e7c65fd14285962c9c723 ---
Uploaded filename: 6a1e7c65fd14285962c9c723_20260602064724_WIN_20260526_11_18_52_Pro.jpg
Assigned DB _id: 6a1e7c7cfd14285962c9c74b
Background task added 1 face(s) to FAISS for _id: 6a1e7c7bfd14285962c9c724
Background task added 1 face(s) to FAISS for _id: 6a1e7c7bfd14285962c9c725
Background task added 1 face(s) to FAISS for _id: 6a1e7c7bfd14285962c9c726
Background task added 1 face(s) to FAISS for _id: 6a1e7c7bfd14285962c9c727
Background task added 1 face(s) to FAISS for _id: 6a1e7c7bfd14285962c9c728
Background task added 1 face(s) to FAISS for _id: 6a1e7c7bfd14285962c9c729
Background task added 1 face(s) to FAISS for _id: 6a1e7c7bfd14285962c9c72a
Background task added 1 face(s) to FAISS for _id: 6a1e7c7bfd14285962c9c72b
Background task added 1 face(s) to FAISS for _id: 6a1e7c7bfd14285962c9c72c
Background task added 1 face(s) to FAISS for _id: 6a1e7c7bfd14285962c9c72d
Background task added 1 face(s) to FAISS for _id: 6a1e7c7bfd14285962c9c72e
Background task added 1 face(s) to FAISS for _id: 6a1e7c7bfd14285962c9c72f
Background task added 1 face(s) to FAISS for _id: 6a1e7c7bfd14285962c9c730
Background task added 1 face(s) to FAISS for _id: 6a1e7c7bfd14285962c9c731
Background task added 1 face(s) to FAISS for _id: 6a1e7c7bfd14285962c9c732
Background task added 1 face(s) to FAISS for _id: 6a1e7c7bfd14285962c9c733
Background task added 1 face(s) to FAISS for _id: 6a1e7c7bfd14285962c9c734
Background task added 1 face(s) to FAISS for _id: 6a1e7c7bfd14285962c9c735
Background task added 1 face(s) to FAISS for _id: 6a1e7c7bfd14285962c9c736
Background task added 1 face(s) to FAISS for _id: 6a1e7c7bfd14285962c9c737
Background task added 1 face(s) to FAISS for _id: 6a1e7c7bfd14285962c9c738
Background task added 1 face(s) to FAISS for _id: 6a1e7c7bfd14285962c9c739
Background task added 1 face(s) to FAISS for _id: 6a1e7c7bfd14285962c9c73a
Background task added 1 face(s) to FAISS for _id: 6a1e7c7cfd14285962c9c73b
Background task added 1 face(s) to FAISS for _id: 6a1e7c7cfd14285962c9c73c
Background task added 1 face(s) to FAISS for _id: 6a1e7c7cfd14285962c9c73d
Background task added 1 face(s) to FAISS for _id: 6a1e7c7cfd14285962c9c73e
Background task added 1 face(s) to FAISS for _id: 6a1e7c7cfd14285962c9c73f
Background task added 1 face(s) to FAISS for _id: 6a1e7c7cfd14285962c9c740
Background task added 1 face(s) to FAISS for _id: 6a1e7c7cfd14285962c9c741
Background task added 1 face(s) to FAISS for _id: 6a1e7c7cfd14285962c9c742
Background task added 1 face(s) to FAISS for _id: 6a1e7c7cfd14285962c9c743
Background task added 1 face(s) to FAISS for _id: 6a1e7c7cfd14285962c9c744
Background task added 1 face(s) to FAISS for _id: 6a1e7c7cfd14285962c9c745
Background task added 1 face(s) to FAISS for _id: 6a1e7c7cfd14285962c9c746
Background task added 1 face(s) to FAISS for _id: 6a1e7c7cfd14285962c9c747
Background task added 1 face(s) to FAISS for _id: 6a1e7c7cfd14285962c9c748
Background task added 1 face(s) to FAISS for _id: 6a1e7c7cfd14285962c9c749
Background task added 1 face(s) to FAISS for _id: 6a1e7c7cfd14285962c9c74a
Background task added 1 face(s) to FAISS for _id: 6a1e7c7cfd14285962c9c74b

--- MATCH FACE CALLED for event 6a1e7c65fd14285962c9c723 ---
Selfie filename: 17803830973911763064520135232897.jpg
Faces detected in selfie: 1
FAISS matched IDs: ['6a1534a2f60ff5ddb53446c0', '6a14931c7bb043acdbeb3092', '6a1e7c7bfd14285962c9c725', '6a1e7c7bfd14285962c9c724', '6a1e7c7cfd14285962c9c745', '6a1bbf007a63070ffd51f2a9', '6a1534a2f60ff5ddb53446c1', '6a1e7c7cfd14285962c9c743', '6a1e7c7bfd14285962c9c732', '6a1bbf007a63070ffd51f2ab', '6a1534a2f60ff5ddb53446b9', '6a1e7c7cfd14285962c9c747', '6a1e7c7cfd14285962c9c740', '6a1e7c7cfd14285962c9c749', '6a1e7c7cfd14285962c9c746', '6a1e7c7cfd14285962c9c74a', '6a1bbf007a63070ffd51f294', '6a1bbf007a63070ffd51f295', '6a1bbf007a63070ffd51f2a4', '6a1533aaa8a8edca581d3080', '6a1bbf007a63070ffd51f2a3', '6a1e7c7bfd14285962c9c726', '6a1534a2f60ff5ddb53446bf', '6a1e7c7cfd14285962c9c742', '6a1bbf007a63070ffd51f2a7', '6a1e7c7bfd14285962c9c731', '6a1bbf007a63070ffd51f2aa', '6a1bbf007a63070ffd51f2ac', '6a1bbf007a63070ffd51f287', '6a14931c7bb043acdbeb3091', '6a1bbf007a63070ffd51f2ae', '6a1534a2f60ff5ddb53446bc', '6a1bbf007a63070ffd51f29f', '6a1bbf007a63070ffd51f28a', '6a1e7c7cfd14285962c9c748', '6a1bbf007a63070ffd51f2a6', '6a1e7c7cfd14285962c9c744', '6a1e7c7bfd14285962c9c733', '6a1e7c7bfd14285962c9c727', '6a1bbf007a63070ffd51f2ad', '6a1bbf007a63070ffd51f2a5', '6a1bbf007a63070ffd51f288', '6a1bbf007a63070ffd51f2a8', '6a1e7c7cfd14285962c9c74b', '6a1e7c7bfd14285962c9c730', '6a1534a2f60ff5ddb53446c2', '6a1bbf007a63070ffd51f293', '6a1bbf007a63070ffd51f289', '6a1e7c7cfd14285962c9c741', '6a1bbf007a63070ffd51f296']
DB documents found: 20
First DB doc: {'event_id': '6a1e7c65fd14285962c9c723', 's3_url': '/static/6a1e7c65fd14285962c9c723_20260602064723_WIN_20260525_13_55_44_Pro - Copy - Copy.jpg', 'folder_name': 'General', 'uploaded_by': 'mock_admin_123', 'uploaded_at': '2026-06-02 06:47:23.484438', 'is_processed': True, 'filename': 'WIN_20260525_13_55_44_Pro - Copy - Copy.jpg', '_id': '6a1e7c7bfd14285962c9c724', 'faces_detected': 1, 'blur_score': 144.50138020409477, 'emotions': {'dominant_emotion': 'happy'}, 'captions': None}

--- MATCH FACE CALLED for event 6a1e7c65fd14285962c9c723 ---
Selfie filename: 17803837289161491531488864441955.jpg
Faces detected in selfie: 1
FAISS matched IDs: ['6a1e7c7cfd14285962c9c73f', '6a1e7c7bfd14285962c9c725', '6a1e7c7bfd14285962c9c724', '6a1bbf007a63070ffd51f28f', '6a1534a2f60ff5ddb53446c1', '6a1e7c7bfd14285962c9c732', '6a1e7c7cfd14285962c9c73e', '6a1bbf007a63070ffd51f2ab', '6a1e7c7bfd14285962c9c72d', '6a1534a2f60ff5ddb53446b9', '6a1e7c7cfd14285962c9c747', '6a1e7c7cfd14285962c9c749', '6a1bbf007a63070ffd51f290', '6a1e7c7cfd14285962c9c74a', '6a1bbf007a63070ffd51f294', '6a1e7c7cfd14285962c9c73c', '6a1bbf007a63070ffd51f295', '6a1533aaa8a8edca581d3082', '6a1533aaa8a8edca581d3080', '6a1e7c7bfd14285962c9c726', '6a1bbf007a63070ffd51f291', '6a1534a2f60ff5ddb53446bf', '6a1534a2f60ff5ddb53446be', '6a1e7c7bfd14285962c9c72c', '6a1e7c7bfd14285962c9c731', '6a1534a2f60ff5ddb53446bc', '6a1bbf007a63070ffd51f287', '6a14931c7bb043acdbeb3091', '6a1bbf007a63070ffd51f2aa', '6a1bbf007a63070ffd51f2ac', '6a1534a2f60ff5ddb53446bb', '6a1e7c7bfd14285962c9c72e', '6a1bbf007a63070ffd51f29b', '6a1bbf007a63070ffd51f29f', '6a1bbf007a63070ffd51f28a', '6a1e7c7cfd14285962c9c748', '6a1e7c7cfd14285962c9c73d', '6a1bbf007a63070ffd51f2a0', '6a1e7c7bfd14285962c9c733', '6a1e7c7bfd14285962c9c727', '6a1bbf007a63070ffd51f2ad', '6a1bbf007a63070ffd51f288', '6a1bbf007a63070ffd51f2a1', '6a1e7c7bfd14285962c9c730', '6a1bbf007a63070ffd51f2a2', '6a1e7c7bfd14285962c9c72f', '6a1bbf007a63070ffd51f293', '6a1bbf007a63070ffd51f289', '6a1bbf007a63070ffd51f292', '6a1bbf007a63070ffd51f296']
DB documents found: 20
First DB doc: {'event_id': '6a1e7c65fd14285962c9c723', 's3_url': '/static/6a1e7c65fd14285962c9c723_20260602064723_WIN_20260525_13_55_44_Pro - Copy - Copy.jpg', 'folder_name': 'General', 'uploaded_by': 'mock_admin_123', 'uploaded_at': '2026-06-02 06:47:23.484438', 'is_processed': True, 'filename': 'WIN_20260525_13_55_44_Pro - Copy - Copy.jpg', '_id': '6a1e7c7bfd14285962c9c724', 'faces_detected': 1, 'blur_score': 144.50138020409477, 'emotions': {'dominant_emotion': 'happy'}, 'captions': None}

--- MATCH FACE CALLED for event demo123 ---
Selfie filename: WIN_20260525_13_55_44_Pro - Copy - Copy.jpg
Faces detected in selfie: 1
FAISS matched IDs: ['6a14931c7bb043acdbeb3092', '6a1e7c7cfd14285962c9c73f', '6a1e7c7bfd14285962c9c725', '6a1e7c7bfd14285962c9c724', '6a1bbf007a63070ffd51f28b', '6a1bbf007a63070ffd51f28c', '6a1bbf007a63070ffd51f28f', '6a1bbf007a63070ffd51f2a9', '6a1e7c7cfd14285962c9c745', '6a1e7c7cfd14285962c9c73e', '6a1e7c7bfd14285962c9c72d', '6a1534a2f60ff5ddb53446b9', '6a1e7c7bfd14285962c9c729', '6a1bbf007a63070ffd51f290', '6a1e7c7cfd14285962c9c746', '6a1e7c7bfd14285962c9c72b', '6a1e7c7cfd14285962c9c73c', '6a1533aaa8a8edca581d3082', '6a1bbf007a63070ffd51f28d', '6a1e7c7bfd14285962c9c728', '6a1533aaa8a8edca581d3080', '6a1e7c7bfd14285962c9c726', '6a1bbf007a63070ffd51f291', '6a1534a2f60ff5ddb53446bf', '6a1e7c7bfd14285962c9c72c', '6a1bbf007a63070ffd51f2a7', '6a1bbf007a63070ffd51f287', '6a14931c7bb043acdbeb3091', '6a1e7c7bfd14285962c9c72e', '6a1bbf007a63070ffd51f2ae', '6a1534a2f60ff5ddb53446bb', '6a1bbf007a63070ffd51f29f', '6a1bbf007a63070ffd51f28a', '6a1e7c7cfd14285962c9c744', '6a1e7c7cfd14285962c9c73d', '6a1e7c7bfd14285962c9c72a', '6a1bbf007a63070ffd51f2a0', '6a1e7c7bfd14285962c9c727', '6a1bbf007a63070ffd51f288', '6a1bbf007a63070ffd51f2a1', '6a1bbf007a63070ffd51f2a8', '6a1e7c7cfd14285962c9c74b', '6a1bbf007a63070ffd51f2a2', '6a1533aaa8a8edca581d3081', '6a1534a2f60ff5ddb53446c2', '6a1534a2f60ff5ddb53446ba', '6a1e7c7bfd14285962c9c72f', '6a1bbf007a63070ffd51f292', '6a1bbf007a63070ffd51f289', '6a1bbf007a63070ffd51f28e']
DB documents found: 0

--- MATCH FACE CALLED for event 6a1e7c65fd14285962c9c723 ---
Selfie filename: 17803838691843628857142131633313.jpg
Faces detected in selfie: 1
FAISS matched IDs: ['6a1534a2f60ff5ddb53446c0', '6a1534a2f60ff5ddb53446c1', '6a1e7c7cfd14285962c9c743', '6a1bbf007a63070ffd51f2ab', '6a1e7c7cfd14285962c9c747', '6a1e7c7cfd14285962c9c740', '6a1e7c7cfd14285962c9c749', '6a1e7c7cfd14285962c9c74a', '6a1bbf007a63070ffd51f2a4', '6a1bbf007a63070ffd51f2a3', '6a1e7c7cfd14285962c9c742', '6a1bbf007a63070ffd51f2aa', '6a1bbf007a63070ffd51f2ac', '6a14931c7bb043acdbeb3091', '6a1bbf007a63070ffd51f2a6', '6a1e7c7cfd14285962c9c748', '6a1bbf007a63070ffd51f2ad', '6a1bbf007a63070ffd51f2a5', '6a1e7c7cfd14285962c9c741']
DB documents found: 8
First DB doc: {'event_id': '6a1e7c65fd14285962c9c723', 's3_url': '/static/6a1e7c65fd14285962c9c723_20260602064724_WIN_20260526_11_18_50_Pro - Copy - Copy.jpg', 'folder_name': 'General', 'uploaded_by': 'mock_admin_123', 'uploaded_at': '2026-06-02 06:47:24.172011', 'is_processed': True, 'filename': 'WIN_20260526_11_18_50_Pro - Copy - Copy.jpg', '_id': '6a1e7c7cfd14285962c9c740', 'faces_detected': 1, 'blur_score': 270.44639105879696, 'emotions': {'dominant_emotion': 'happy'}, 'captions': None}

--- MATCH FACE CALLED for event 6a1e7c65fd14285962c9c723 ---
Selfie filename: 17803839117854560277135719555249.jpg
Faces detected in selfie: 0

--- MATCH FACE CALLED for event 6a1e7c65fd14285962c9c723 ---
Selfie filename: 17803839333284748280242040086571.jpg
Faces detected in selfie: 1
FAISS matched IDs: ['6a1534a2f60ff5ddb53446c0', '6a14931c7bb043acdbeb3092', '6a1e7c7cfd14285962c9c73f', '6a1e7c7bfd14285962c9c725', '6a1e7c7bfd14285962c9c724', '6a1e7c7cfd14285962c9c745', '6a1bbf007a63070ffd51f2a9', '6a1534a2f60ff5ddb53446c1', '6a1e7c7cfd14285962c9c73e', '6a1bbf007a63070ffd51f2ab', '6a1e7c7bfd14285962c9c732', '6a1534a2f60ff5ddb53446b9', '6a1e7c7cfd14285962c9c747', '6a1e7c7cfd14285962c9c749', '6a1e7c7cfd14285962c9c746', '6a1e7c7cfd14285962c9c74a', '6a1bbf007a63070ffd51f294', '6a1e7c7cfd14285962c9c73c', '6a1bbf007a63070ffd51f295', '6a1533aaa8a8edca581d3080', '6a1bbf007a63070ffd51f2a3', '6a1e7c7bfd14285962c9c726', '6a1534a2f60ff5ddb53446bf', '6a1bbf007a63070ffd51f2a7', '6a1e7c7bfd14285962c9c731', '6a1bbf007a63070ffd51f2ac', '6a1bbf007a63070ffd51f2aa', '6a1bbf007a63070ffd51f287', '6a14931c7bb043acdbeb3091', '6a1bbf007a63070ffd51f2ae', '6a1534a2f60ff5ddb53446bc', '6a1bbf007a63070ffd51f29f', '6a1bbf007a63070ffd51f28a', '6a1e7c7cfd14285962c9c748', '6a1e7c7cfd14285962c9c744', '6a1e7c7cfd14285962c9c73d', '6a1bbf007a63070ffd51f2a0', '6a1e7c7bfd14285962c9c733', '6a1e7c7bfd14285962c9c727', '6a1bbf007a63070ffd51f2ad', '6a1bbf007a63070ffd51f288', '6a1bbf007a63070ffd51f2a8', '6a1bbf007a63070ffd51f2a1', '6a1e7c7cfd14285962c9c74b', '6a1e7c7bfd14285962c9c730', '6a1bbf007a63070ffd51f2a2', '6a1534a2f60ff5ddb53446c2', '6a1bbf007a63070ffd51f293', '6a1bbf007a63070ffd51f289', '6a1bbf007a63070ffd51f296']
DB documents found: 20
First DB doc: {'event_id': '6a1e7c65fd14285962c9c723', 's3_url': '/static/6a1e7c65fd14285962c9c723_20260602064723_WIN_20260525_13_55_44_Pro - Copy - Copy.jpg', 'folder_name': 'General', 'uploaded_by': 'mock_admin_123', 'uploaded_at': '2026-06-02 06:47:23.484438', 'is_processed': True, 'filename': 'WIN_20260525_13_55_44_Pro - Copy - Copy.jpg', '_id': '6a1e7c7bfd14285962c9c724', 'faces_detected': 1, 'blur_score': 144.50138020409477, 'emotions': {'dominant_emotion': 'happy'}, 'captions': None}

--- MATCH FACE CALLED for event demo123 ---
Selfie filename: WIN_20260525_13_55_44_Pro - Copy - Copy.jpg
Faces detected in selfie: 1
FAISS matched IDs: ['6a14931c7bb043acdbeb3092', '6a1e7c7cfd14285962c9c73f', '6a1e7c7bfd14285962c9c725', '6a1e7c7bfd14285962c9c724', '6a1bbf007a63070ffd51f28b', '6a1bbf007a63070ffd51f28c', '6a1bbf007a63070ffd51f28f', '6a1bbf007a63070ffd51f2a9', '6a1e7c7cfd14285962c9c745', '6a1e7c7cfd14285962c9c73e', '6a1e7c7bfd14285962c9c72d', '6a1534a2f60ff5ddb53446b9', '6a1e7c7bfd14285962c9c729', '6a1bbf007a63070ffd51f290', '6a1e7c7cfd14285962c9c746', '6a1e7c7bfd14285962c9c72b', '6a1e7c7cfd14285962c9c73c', '6a1533aaa8a8edca581d3082', '6a1bbf007a63070ffd51f28d', '6a1e7c7bfd14285962c9c728', '6a1533aaa8a8edca581d3080', '6a1e7c7bfd14285962c9c726', '6a1bbf007a63070ffd51f291', '6a1534a2f60ff5ddb53446bf', '6a1e7c7bfd14285962c9c72c', '6a1bbf007a63070ffd51f2a7', '6a1bbf007a63070ffd51f287', '6a14931c7bb043acdbeb3091', '6a1e7c7bfd14285962c9c72e', '6a1bbf007a63070ffd51f2ae', '6a1534a2f60ff5ddb53446bb', '6a1bbf007a63070ffd51f29f', '6a1bbf007a63070ffd51f28a', '6a1e7c7cfd14285962c9c744', '6a1e7c7cfd14285962c9c73d', '6a1e7c7bfd14285962c9c72a', '6a1bbf007a63070ffd51f2a0', '6a1e7c7bfd14285962c9c727', '6a1bbf007a63070ffd51f288', '6a1bbf007a63070ffd51f2a1', '6a1bbf007a63070ffd51f2a8', '6a1e7c7cfd14285962c9c74b', '6a1bbf007a63070ffd51f2a2', '6a1533aaa8a8edca581d3081', '6a1534a2f60ff5ddb53446c2', '6a1534a2f60ff5ddb53446ba', '6a1e7c7bfd14285962c9c72f', '6a1bbf007a63070ffd51f292', '6a1bbf007a63070ffd51f289', '6a1bbf007a63070ffd51f28e']
DB documents found: 0

--- MATCH FACE CALLED for event demo123 ---
Selfie filename: WIN_20260525_13_55_44_Pro - Copy - Copy.jpg
Faces detected in selfie: 1
FAISS matched IDs: ['6a14931c7bb043acdbeb3092', '6a1e7c7cfd14285962c9c73f', '6a1e7c7bfd14285962c9c725', '6a1e7c7bfd14285962c9c724', '6a1bbf007a63070ffd51f28b', '6a1bbf007a63070ffd51f28c', '6a1bbf007a63070ffd51f28f', '6a1bbf007a63070ffd51f2a9', '6a1e7c7cfd14285962c9c745', '6a1e7c7cfd14285962c9c73e', '6a1e7c7bfd14285962c9c72d', '6a1534a2f60ff5ddb53446b9', '6a1e7c7bfd14285962c9c729', '6a1bbf007a63070ffd51f290', '6a1e7c7cfd14285962c9c746', '6a1e7c7bfd14285962c9c72b', '6a1e7c7cfd14285962c9c73c', '6a1533aaa8a8edca581d3082', '6a1bbf007a63070ffd51f28d', '6a1e7c7bfd14285962c9c728', '6a1533aaa8a8edca581d3080', '6a1e7c7bfd14285962c9c726', '6a1bbf007a63070ffd51f291', '6a1534a2f60ff5ddb53446bf', '6a1e7c7bfd14285962c9c72c', '6a1bbf007a63070ffd51f2a7', '6a1bbf007a63070ffd51f287', '6a14931c7bb043acdbeb3091', '6a1e7c7bfd14285962c9c72e', '6a1bbf007a63070ffd51f2ae', '6a1534a2f60ff5ddb53446bb', '6a1bbf007a63070ffd51f29f', '6a1bbf007a63070ffd51f28a', '6a1e7c7cfd14285962c9c744', '6a1e7c7cfd14285962c9c73d', '6a1e7c7bfd14285962c9c72a', '6a1bbf007a63070ffd51f2a0', '6a1e7c7bfd14285962c9c727', '6a1bbf007a63070ffd51f288', '6a1bbf007a63070ffd51f2a1', '6a1bbf007a63070ffd51f2a8', '6a1e7c7cfd14285962c9c74b', '6a1bbf007a63070ffd51f2a2', '6a1533aaa8a8edca581d3081', '6a1534a2f60ff5ddb53446c2', '6a1534a2f60ff5ddb53446ba', '6a1e7c7bfd14285962c9c72f', '6a1bbf007a63070ffd51f292', '6a1bbf007a63070ffd51f289', '6a1bbf007a63070ffd51f28e']
DB documents found: 0

--- UPLOAD CALLED for event 6a1e816efd14285962c9c74c ---
Uploaded filename: 6a1e816efd14285962c9c74c_20260602070847_WIN_20260525_13_55_44_Pro - Copy - Copy.jpg
Assigned DB _id: 6a1e817ffd14285962c9c74d

--- UPLOAD CALLED for event 6a1e816efd14285962c9c74c ---
Uploaded filename: 6a1e816efd14285962c9c74c_20260602070847_WIN_20260525_13_55_44_Pro - Copy (2).jpg
Assigned DB _id: 6a1e817ffd14285962c9c74e

--- UPLOAD CALLED for event 6a1e816efd14285962c9c74c ---
Uploaded filename: 6a1e816efd14285962c9c74c_20260602070847_WIN_20260525_13_55_44_Pro - Copy.jpg
Assigned DB _id: 6a1e817ffd14285962c9c74f

--- UPLOAD CALLED for event 6a1e816efd14285962c9c74c ---
Uploaded filename: 6a1e816efd14285962c9c74c_20260602070847_WIN_20260525_13_55_44_Pro.jpg
Assigned DB _id: 6a1e817ffd14285962c9c750

--- UPLOAD CALLED for event 6a1e816efd14285962c9c74c ---
Uploaded filename: 6a1e816efd14285962c9c74c_20260602070847_WIN_20260525_13_55_48_Pro - Copy - Copy.jpg
Assigned DB _id: 6a1e817ffd14285962c9c751

--- UPLOAD CALLED for event 6a1e816efd14285962c9c74c ---
Uploaded filename: 6a1e816efd14285962c9c74c_20260602070847_WIN_20260525_13_55_48_Pro - Copy (2).jpg
Assigned DB _id: 6a1e817ffd14285962c9c752

--- UPLOAD CALLED for event 6a1e816efd14285962c9c74c ---
Uploaded filename: 6a1e816efd14285962c9c74c_20260602070847_WIN_20260525_13_55_48_Pro - Copy.jpg
Assigned DB _id: 6a1e817ffd14285962c9c753

--- UPLOAD CALLED for event 6a1e816efd14285962c9c74c ---
Uploaded filename: 6a1e816efd14285962c9c74c_20260602070847_WIN_20260525_13_55_48_Pro.jpg
Assigned DB _id: 6a1e817ffd14285962c9c754

--- UPLOAD CALLED for event 6a1e816efd14285962c9c74c ---
Uploaded filename: 6a1e816efd14285962c9c74c_20260602070847_WIN_20260525_13_55_50_Pro - Copy - Copy.jpg
Assigned DB _id: 6a1e817ffd14285962c9c755

--- UPLOAD CALLED for event 6a1e816efd14285962c9c74c ---
Uploaded filename: 6a1e816efd14285962c9c74c_20260602070847_WIN_20260525_13_55_50_Pro - Copy (2).jpg
Assigned DB _id: 6a1e817ffd14285962c9c756

--- UPLOAD CALLED for event 6a1e816efd14285962c9c74c ---
Uploaded filename: 6a1e816efd14285962c9c74c_20260602070847_WIN_20260525_13_55_50_Pro - Copy.jpg
Assigned DB _id: 6a1e817ffd14285962c9c757

--- UPLOAD CALLED for event 6a1e816efd14285962c9c74c ---
Uploaded filename: 6a1e816efd14285962c9c74c_20260602070847_WIN_20260525_13_55_50_Pro.jpg
Assigned DB _id: 6a1e817ffd14285962c9c758

--- UPLOAD CALLED for event 6a1e816efd14285962c9c74c ---
Uploaded filename: 6a1e816efd14285962c9c74c_20260602070847_WIN_20260526_11_18_45_Pro - Copy - Copy.jpg
Assigned DB _id: 6a1e817ffd14285962c9c759

--- UPLOAD CALLED for event 6a1e816efd14285962c9c74c ---
Uploaded filename: 6a1e816efd14285962c9c74c_20260602070847_WIN_20260526_11_18_45_Pro - Copy (2).jpg
Assigned DB _id: 6a1e817ffd14285962c9c75a

--- UPLOAD CALLED for event 6a1e816efd14285962c9c74c ---
Uploaded filename: 6a1e816efd14285962c9c74c_20260602070847_WIN_20260526_11_18_45_Pro - Copy.jpg
Assigned DB _id: 6a1e817ffd14285962c9c75b

--- UPLOAD CALLED for event 6a1e816efd14285962c9c74c ---
Uploaded filename: 6a1e816efd14285962c9c74c_20260602070847_WIN_20260526_11_18_45_Pro.jpg
Assigned DB _id: 6a1e817ffd14285962c9c75c

--- UPLOAD CALLED for event 6a1e816efd14285962c9c74c ---
Uploaded filename: 6a1e816efd14285962c9c74c_20260602070847_WIN_20260526_11_18_46_Pro - Copy - Copy.jpg
Assigned DB _id: 6a1e817ffd14285962c9c75d

--- UPLOAD CALLED for event 6a1e816efd14285962c9c74c ---
Uploaded filename: 6a1e816efd14285962c9c74c_20260602070847_WIN_20260526_11_18_46_Pro - Copy (2).jpg
Assigned DB _id: 6a1e817ffd14285962c9c75e

--- UPLOAD CALLED for event 6a1e816efd14285962c9c74c ---
Uploaded filename: 6a1e816efd14285962c9c74c_20260602070847_WIN_20260526_11_18_46_Pro - Copy.jpg
Assigned DB _id: 6a1e817ffd14285962c9c75f

--- UPLOAD CALLED for event 6a1e816efd14285962c9c74c ---
Uploaded filename: 6a1e816efd14285962c9c74c_20260602070847_WIN_20260526_11_18_46_Pro.jpg
Assigned DB _id: 6a1e817ffd14285962c9c760

--- UPLOAD CALLED for event 6a1e816efd14285962c9c74c ---
Uploaded filename: 6a1e816efd14285962c9c74c_20260602070847_WIN_20260526_11_18_47_Pro - Copy - Copy.jpg
Assigned DB _id: 6a1e817ffd14285962c9c761

--- UPLOAD CALLED for event 6a1e816efd14285962c9c74c ---
Uploaded filename: 6a1e816efd14285962c9c74c_20260602070847_WIN_20260526_11_18_47_Pro - Copy (2).jpg
Assigned DB _id: 6a1e817ffd14285962c9c762

--- UPLOAD CALLED for event 6a1e816efd14285962c9c74c ---
Uploaded filename: 6a1e816efd14285962c9c74c_20260602070847_WIN_20260526_11_18_47_Pro - Copy.jpg
Assigned DB _id: 6a1e817ffd14285962c9c763

--- UPLOAD CALLED for event 6a1e816efd14285962c9c74c ---
Uploaded filename: 6a1e816efd14285962c9c74c_20260602070847_WIN_20260526_11_18_47_Pro.jpg
Assigned DB _id: 6a1e817ffd14285962c9c764

--- UPLOAD CALLED for event 6a1e816efd14285962c9c74c ---
Uploaded filename: 6a1e816efd14285962c9c74c_20260602070847_WIN_20260526_11_18_48_Pro - Copy - Copy.jpg
Assigned DB _id: 6a1e817ffd14285962c9c765

--- UPLOAD CALLED for event 6a1e816efd14285962c9c74c ---
Uploaded filename: 6a1e816efd14285962c9c74c_20260602070847_WIN_20260526_11_18_48_Pro - Copy (2).jpg
Assigned DB _id: 6a1e817ffd14285962c9c766

--- UPLOAD CALLED for event 6a1e816efd14285962c9c74c ---
Uploaded filename: 6a1e816efd14285962c9c74c_20260602070847_WIN_20260526_11_18_48_Pro - Copy.jpg
Assigned DB _id: 6a1e817ffd14285962c9c767

--- UPLOAD CALLED for event 6a1e816efd14285962c9c74c ---
Uploaded filename: 6a1e816efd14285962c9c74c_20260602070847_WIN_20260526_11_18_48_Pro.jpg
Assigned DB _id: 6a1e817ffd14285962c9c768

--- UPLOAD CALLED for event 6a1e816efd14285962c9c74c ---
Uploaded filename: 6a1e816efd14285962c9c74c_20260602070847_WIN_20260526_11_18_50_Pro - Copy - Copy.jpg
Assigned DB _id: 6a1e817ffd14285962c9c769

--- UPLOAD CALLED for event 6a1e816efd14285962c9c74c ---
Uploaded filename: 6a1e816efd14285962c9c74c_20260602070847_WIN_20260526_11_18_50_Pro - Copy (2).jpg
Assigned DB _id: 6a1e817ffd14285962c9c76a

--- UPLOAD CALLED for event 6a1e816efd14285962c9c74c ---
Uploaded filename: 6a1e816efd14285962c9c74c_20260602070847_WIN_20260526_11_18_50_Pro - Copy.jpg
Assigned DB _id: 6a1e817ffd14285962c9c76b

--- UPLOAD CALLED for event 6a1e816efd14285962c9c74c ---
Uploaded filename: 6a1e816efd14285962c9c74c_20260602070847_WIN_20260526_11_18_50_Pro.jpg
Assigned DB _id: 6a1e817ffd14285962c9c76c

--- UPLOAD CALLED for event 6a1e816efd14285962c9c74c ---
Uploaded filename: 6a1e816efd14285962c9c74c_20260602070847_WIN_20260526_11_18_52_Pro - Copy - Copy.jpg
Assigned DB _id: 6a1e817ffd14285962c9c76d

--- UPLOAD CALLED for event 6a1e816efd14285962c9c74c ---
Uploaded filename: 6a1e816efd14285962c9c74c_20260602070847_WIN_20260526_11_18_52_Pro - Copy (2).jpg
Assigned DB _id: 6a1e817ffd14285962c9c76e

--- UPLOAD CALLED for event 6a1e816efd14285962c9c74c ---
Uploaded filename: 6a1e816efd14285962c9c74c_20260602070847_WIN_20260526_11_18_52_Pro - Copy.jpg
Assigned DB _id: 6a1e817ffd14285962c9c76f

--- UPLOAD CALLED for event 6a1e816efd14285962c9c74c ---
Uploaded filename: 6a1e816efd14285962c9c74c_20260602070847_WIN_20260526_11_18_52_Pro (2) - Copy - Copy.jpg
Assigned DB _id: 6a1e817ffd14285962c9c770

--- UPLOAD CALLED for event 6a1e816efd14285962c9c74c ---
Uploaded filename: 6a1e816efd14285962c9c74c_20260602070847_WIN_20260526_11_18_52_Pro (2) - Copy.jpg
Assigned DB _id: 6a1e817ffd14285962c9c771

--- UPLOAD CALLED for event 6a1e816efd14285962c9c74c ---
Uploaded filename: 6a1e816efd14285962c9c74c_20260602070847_WIN_20260526_11_18_52_Pro (2).jpg
Assigned DB _id: 6a1e817ffd14285962c9c772

--- UPLOAD CALLED for event 6a1e816efd14285962c9c74c ---
Uploaded filename: 6a1e816efd14285962c9c74c_20260602070847_WIN_20260526_11_18_52_Pro (3) - Copy.jpg
Assigned DB _id: 6a1e817ffd14285962c9c773

--- UPLOAD CALLED for event 6a1e816efd14285962c9c74c ---
Uploaded filename: 6a1e816efd14285962c9c74c_20260602070847_WIN_20260526_11_18_52_Pro.jpg
Assigned DB _id: 6a1e817ffd14285962c9c774
Background task added 1 face(s) to FAISS for _id: 6a1e817ffd14285962c9c74d
Background task added 1 face(s) to FAISS for _id: 6a1e817ffd14285962c9c74e
Background task added 1 face(s) to FAISS for _id: 6a1e817ffd14285962c9c74f
Background task added 1 face(s) to FAISS for _id: 6a1e817ffd14285962c9c750
Background task added 1 face(s) to FAISS for _id: 6a1e817ffd14285962c9c751
Background task added 1 face(s) to FAISS for _id: 6a1e817ffd14285962c9c752
Background task added 1 face(s) to FAISS for _id: 6a1e817ffd14285962c9c753
Background task added 1 face(s) to FAISS for _id: 6a1e817ffd14285962c9c754
Background task added 1 face(s) to FAISS for _id: 6a1e817ffd14285962c9c755
Background task added 1 face(s) to FAISS for _id: 6a1e817ffd14285962c9c756
Background task added 1 face(s) to FAISS for _id: 6a1e817ffd14285962c9c757
Background task added 1 face(s) to FAISS for _id: 6a1e817ffd14285962c9c758
Background task added 1 face(s) to FAISS for _id: 6a1e817ffd14285962c9c759
Background task added 1 face(s) to FAISS for _id: 6a1e817ffd14285962c9c75a
Background task added 1 face(s) to FAISS for _id: 6a1e817ffd14285962c9c75b
Background task added 1 face(s) to FAISS for _id: 6a1e817ffd14285962c9c75c
Background task added 1 face(s) to FAISS for _id: 6a1e817ffd14285962c9c75d
Background task added 1 face(s) to FAISS for _id: 6a1e817ffd14285962c9c75e
Background task added 1 face(s) to FAISS for _id: 6a1e817ffd14285962c9c75f
Background task added 1 face(s) to FAISS for _id: 6a1e817ffd14285962c9c760
Background task added 1 face(s) to FAISS for _id: 6a1e817ffd14285962c9c761
Background task added 1 face(s) to FAISS for _id: 6a1e817ffd14285962c9c762
Background task added 1 face(s) to FAISS for _id: 6a1e817ffd14285962c9c763
Background task added 1 face(s) to FAISS for _id: 6a1e817ffd14285962c9c764
Background task added 1 face(s) to FAISS for _id: 6a1e817ffd14285962c9c765
Background task added 1 face(s) to FAISS for _id: 6a1e817ffd14285962c9c766
Background task added 1 face(s) to FAISS for _id: 6a1e817ffd14285962c9c767
Background task added 1 face(s) to FAISS for _id: 6a1e817ffd14285962c9c768
Background task added 1 face(s) to FAISS for _id: 6a1e817ffd14285962c9c769
Background task added 1 face(s) to FAISS for _id: 6a1e817ffd14285962c9c76a
Background task added 1 face(s) to FAISS for _id: 6a1e817ffd14285962c9c76b
Background task added 1 face(s) to FAISS for _id: 6a1e817ffd14285962c9c76c
Background task added 1 face(s) to FAISS for _id: 6a1e817ffd14285962c9c76d
Background task added 1 face(s) to FAISS for _id: 6a1e817ffd14285962c9c76e
Background task added 1 face(s) to FAISS for _id: 6a1e817ffd14285962c9c76f
Background task added 1 face(s) to FAISS for _id: 6a1e817ffd14285962c9c770
Background task added 1 face(s) to FAISS for _id: 6a1e817ffd14285962c9c771
Background task added 1 face(s) to FAISS for _id: 6a1e817ffd14285962c9c772
Background task added 1 face(s) to FAISS for _id: 6a1e817ffd14285962c9c773
Background task added 1 face(s) to FAISS for _id: 6a1e817ffd14285962c9c774

--- MATCH FACE CALLED for event demo123 ---
Selfie filename: WIN_20260525_13_55_44_Pro - Copy - Copy.jpg
Faces detected in selfie: 1
FAISS matched IDs: ['6a14931c7bb043acdbeb3092', '6a1e7c7cfd14285962c9c73f', '6a1e7c7bfd14285962c9c725', '6a1e7c7bfd14285962c9c724', '6a1bbf007a63070ffd51f28b', '6a1bbf007a63070ffd51f28c', '6a1bbf007a63070ffd51f28f', '6a1e7c7cfd14285962c9c73e', '6a1534a2f60ff5ddb53446b9', '6a1e817ffd14285962c9c754', '6a1e7c7bfd14285962c9c729', '6a1bbf007a63070ffd51f290', '6a1e817ffd14285962c9c752', '6a1e7c7bfd14285962c9c72b', '6a1e7c7cfd14285962c9c73c', '6a1533aaa8a8edca581d3082', '6a1e817ffd14285962c9c74d', '6a1bbf007a63070ffd51f28d', '6a1e7c7bfd14285962c9c728', '6a1533aaa8a8edca581d3080', '6a1e7c7bfd14285962c9c726', '6a1bbf007a63070ffd51f291', '6a1534a2f60ff5ddb53446bf', '6a1e7c7bfd14285962c9c72c', '6a1bbf007a63070ffd51f287', '6a14931c7bb043acdbeb3091', '6a1534a2f60ff5ddb53446bb', '6a1e817ffd14285962c9c751', '6a1bbf007a63070ffd51f29f', '6a1bbf007a63070ffd51f28a', '6a1e817ffd14285962c9c74f', '6a1e817ffd14285962c9c765', '6a1e817ffd14285962c9c767', '6a1e7c7cfd14285962c9c73d', '6a1e7c7bfd14285962c9c72a', '6a1e817ffd14285962c9c750', '6a1bbf007a63070ffd51f2a0', '6a1e817ffd14285962c9c753', '6a1e7c7bfd14285962c9c727', '6a1bbf007a63070ffd51f288', '6a1bbf007a63070ffd51f2a1', '6a1e817ffd14285962c9c768', '6a1bbf007a63070ffd51f2a2', '6a1533aaa8a8edca581d3081', '6a1e817ffd14285962c9c74e', '6a1534a2f60ff5ddb53446ba', '6a1e817ffd14285962c9c766', '6a1bbf007a63070ffd51f292', '6a1bbf007a63070ffd51f289', '6a1bbf007a63070ffd51f28e']
DB documents found: 0

--- MATCH FACE CALLED for event demo123 ---
Selfie filename: WIN_20260525_13_55_50_Pro - Copy - Copy.jpg
Faces detected in selfie: 1
FAISS matched IDs: ['6a14931c7bb043acdbeb3092', '6a1e7c7bfd14285962c9c725', '6a1e7c7bfd14285962c9c724', '6a1bbf007a63070ffd51f28b', '6a1bbf007a63070ffd51f28f', '6a1bbf007a63070ffd51f28c', '6a1e817ffd14285962c9c758', '6a1e7c7bfd14285962c9c72d', '6a1534a2f60ff5ddb53446b9', '6a1e817ffd14285962c9c754', '6a1e7c7bfd14285962c9c729', '6a1bbf007a63070ffd51f290', '6a1e817ffd14285962c9c752', '6a1e7c7bfd14285962c9c72b', '6a1533aaa8a8edca581d3082', '6a1e817ffd14285962c9c74d', '6a1bbf007a63070ffd51f28d', '6a1e7c7bfd14285962c9c728', '6a1533aaa8a8edca581d3080', '6a1bbf007a63070ffd51f291', '6a1e7c7bfd14285962c9c726', '6a1534a2f60ff5ddb53446be', '6a1e7c7bfd14285962c9c72c', '6a1e7c7bfd14285962c9c738', '6a1bbf007a63070ffd51f29d', '6a1bbf007a63070ffd51f287', '6a14931c7bb043acdbeb3091', '6a1e7c7bfd14285962c9c72e', '6a1bbf007a63070ffd51f29e', '6a1534a2f60ff5ddb53446bb', '6a1e817ffd14285962c9c751', '6a1bbf007a63070ffd51f29b', '6a1bbf007a63070ffd51f29c', '6a1bbf007a63070ffd51f28a', '6a1e817ffd14285962c9c74f', '6a1e817ffd14285962c9c757', '6a1e7c7bfd14285962c9c72a', '6a1e817ffd14285962c9c750', '6a1e817ffd14285962c9c753', '6a1e7c7bfd14285962c9c727', '6a1bbf007a63070ffd51f288', '6a1533aaa8a8edca581d3081', '6a1e817ffd14285962c9c755', '6a1e817ffd14285962c9c74e', '6a1e817ffd14285962c9c756', '6a1534a2f60ff5ddb53446ba', '6a1e7c7bfd14285962c9c72f', '6a1bbf007a63070ffd51f292', '6a1bbf007a63070ffd51f289', '6a1bbf007a63070ffd51f28e']
DB documents found: 0

--- MATCH FACE CALLED for event 6a1e816efd14285962c9c74c ---
Selfie filename: 17803842055368769065261821682597.jpg
Faces detected in selfie: 1
FAISS matched IDs: ['6a1e7c7bfd14285962c9c725', '6a1e7c7bfd14285962c9c724', '6a1e7c7cfd14285962c9c745', '6a1bbf007a63070ffd51f28f', '6a1bbf007a63070ffd51f2a9', '6a1534a2f60ff5ddb53446c1', '6a1e817ffd14285962c9c758', '6a1bbf007a63070ffd51f2ab', '6a1e7c7bfd14285962c9c72d', '6a1534a2f60ff5ddb53446b9', '6a1e7c7cfd14285962c9c747', '6a1e7c7cfd14285962c9c749', '6a1e817ffd14285962c9c773', '6a1bbf007a63070ffd51f290', '6a1e7c7cfd14285962c9c746', '6a1e7c7cfd14285962c9c74a', '6a1533aaa8a8edca581d3082', '6a1e817ffd14285962c9c74d', '6a1533aaa8a8edca581d3080', '6a1e7c7bfd14285962c9c726', '6a1bbf007a63070ffd51f291', '6a1e7c7bfd14285962c9c72c', '6a1bbf007a63070ffd51f2a7', '6a1bbf007a63070ffd51f2aa', '6a1bbf007a63070ffd51f2ac', '6a1bbf007a63070ffd51f287', '6a14931c7bb043acdbeb3091', '6a1e7c7bfd14285962c9c72e', '6a1534a2f60ff5ddb53446bb', '6a1bbf007a63070ffd51f2ae', '6a1bbf007a63070ffd51f28a', '6a1e7c7cfd14285962c9c748', '6a1e817ffd14285962c9c74f', '6a1e817ffd14285962c9c757', '6a1e7c7cfd14285962c9c744', '6a1e817ffd14285962c9c770', '6a1e817ffd14285962c9c750', '6a1e817ffd14285962c9c771', '6a1e7c7bfd14285962c9c727', '6a1bbf007a63070ffd51f2ad', '6a1bbf007a63070ffd51f288', '6a1bbf007a63070ffd51f2a8', '6a1e817ffd14285962c9c772', '6a1e817ffd14285962c9c755', '6a1e817ffd14285962c9c74e', '6a1534a2f60ff5ddb53446c2', '6a1e817ffd14285962c9c756', '6a1e7c7bfd14285962c9c72f', '6a1bbf007a63070ffd51f292', '6a1bbf007a63070ffd51f289']
DB documents found: 12
First DB doc: {'event_id': '6a1e816efd14285962c9c74c', 's3_url': '/static/6a1e816efd14285962c9c74c_20260602070847_WIN_20260525_13_55_44_Pro - Copy - Copy.jpg', 'folder_name': 'General', 'uploaded_by': 'mock_admin_123', 'uploaded_at': '2026-06-02 07:08:47.544331', 'is_processed': True, 'filename': 'WIN_20260525_13_55_44_Pro - Copy - Copy.jpg', '_id': '6a1e817ffd14285962c9c74d', 'faces_detected': 1, 'blur_score': 144.50138020409477, 'emotions': {'dominant_emotion': 'happy'}, 'captions': None}

--- MATCH FACE CALLED for event demo123 ---
Selfie filename: WIN_20260525_13_55_44_Pro - Copy - Copy.jpg
Faces detected in selfie: 1
FAISS matched IDs: ['6a1e7c7bfd14285962c9c728', '6a1bbf007a63070ffd51f2a7', '6a1e7c7cfd14285962c9c73b', '6a1bbf007a63070ffd51f2a3', '6a1bbf007a63070ffd51f28a', '6a1bbf007a63070ffd51f29f', '6a1bbf007a63070ffd51f294', '6a1534a2f60ff5ddb53446be', '6a14931c7bb043acdbeb3091', '6a1e817ffd14285962c9c74e', '6a1bbf007a63070ffd51f2a8', '6a1e7c7cfd14285962c9c744', '6a1bbf007a63070ffd51f2ae', '6a1bbf007a63070ffd51f2ac', '6a1e7c7bfd14285962c9c729', '6a1e817ffd14285962c9c753', '6a1e817ffd14285962c9c75d', '6a1e817ffd14285962c9c752', '6a1bbf007a63070ffd51f28f', '6a1e7c7bfd14285962c9c733', '6a1bbf007a63070ffd51f299', '6a1e7c7bfd14285962c9c731', '6a1e817ffd14285962c9c769', '6a1e817ffd14285962c9c75e', '6a14931c7bb043acdbeb3092', '6a1e817ffd14285962c9c751', '6a1e817ffd14285962c9c74d', '6a1e817ffd14285962c9c76f', '6a1e7c7cfd14285962c9c748', '6a1e817ffd14285962c9c755', '6a1e7c7cfd14285962c9c740', '6a1534a2f60ff5ddb53446bd', '6a1533aaa8a8edca581d3080', '6a1e817ffd14285962c9c770', '6a1533aaa8a8edca581d3082', '6a1bbf007a63070ffd51f2aa', '6a1e7c7bfd14285962c9c72f', '6a1e817ffd14285962c9c765', '6a1bbf007a63070ffd51f296', '6a1e817ffd14285962c9c757', '6a1e7c7bfd14285962c9c730', '6a1bbf007a63070ffd51f2a4', '6a1e7c7cfd14285962c9c73c', '6a1e817ffd14285962c9c76c', '6a1bbf007a63070ffd51f2a0', '6a1bbf007a63070ffd51f2a2', '6a1bbf007a63070ffd51f298', '6a1bbf007a63070ffd51f288', '6a1e817ffd14285962c9c76a', '6a1bbf007a63070ffd51f28b', '6a1bbf007a63070ffd51f287', '6a1534a2f60ff5ddb53446bb', '6a1e817ffd14285962c9c758', '6a1e817ffd14285962c9c760', '6a1e817ffd14285962c9c759', '6a1534a2f60ff5ddb53446c0', '6a1e817ffd14285962c9c754', '6a1e817ffd14285962c9c767', '6a1e7c7bfd14285962c9c737', '6a1bbf007a63070ffd51f2a1', '6a1e7c7cfd14285962c9c747', '6a1e7c7bfd14285962c9c727', '6a1e7c7cfd14285962c9c74b', '6a1bbf007a63070ffd51f2a5', '6a1533aaa8a8edca581d3081', '6a1e817ffd14285962c9c764', '6a1e7c7cfd14285962c9c73e', '6a1bbf007a63070ffd51f28c', '6a1534a2f60ff5ddb53446c2', '6a1e7c7cfd14285962c9c743', '6a1bbf007a63070ffd51f2a6', '6a1bbf007a63070ffd51f28d', '6a1e7c7bfd14285962c9c72c', '6a1bbf007a63070ffd51f2ad', '6a1bbf007a63070ffd51f29a', '6a1e7c7bfd14285962c9c73a', '6a1e817ffd14285962c9c773', '6a1534a2f60ff5ddb53446bf', '6a1e7c7bfd14285962c9c732', '6a1bbf007a63070ffd51f29b', '6a1e7c7bfd14285962c9c72a', '6a1bbf007a63070ffd51f289', '6a1bbf007a63070ffd51f29e', '6a1e7c7bfd14285962c9c72d', '6a1bbf007a63070ffd51f29c', '6a1bbf007a63070ffd51f297', '6a1e7c7bfd14285962c9c735', '6a1e817ffd14285962c9c74f', '6a1e7c7bfd14285962c9c726', '6a1e817ffd14285962c9c761', '6a1e7c7cfd14285962c9c742', '6a1e7c7cfd14285962c9c73d', '6a1e7c7bfd14285962c9c738', '6a1bbf007a63070ffd51f291', '6a1e817ffd14285962c9c772', '6a1e7c7bfd14285962c9c734', '6a1e7c7cfd14285962c9c745', '6a1e817ffd14285962c9c756', '6a1534a2f60ff5ddb53446b9', '6a1e7c7bfd14285962c9c725', '6a1e7c7bfd14285962c9c72b', '6a1e817ffd14285962c9c768', '6a1534a2f60ff5ddb53446bc', '6a1e817ffd14285962c9c762', '6a1bbf007a63070ffd51f28e', '6a1534a2f60ff5ddb53446ba', '6a1e817ffd14285962c9c766', '6a1bbf007a63070ffd51f295', '6a1e7c7cfd14285962c9c73f', '6a1e817ffd14285962c9c75f', '6a1bbf007a63070ffd51f292', '6a1e817ffd14285962c9c774', '6a1e817ffd14285962c9c771', '6a1bbf007a63070ffd51f290', '6a1e7c7cfd14285962c9c74a', '6a1bbf007a63070ffd51f29d', '6a1e7c7cfd14285962c9c749', '6a1bbf007a63070ffd51f2ab', '6a1e817ffd14285962c9c75c', '6a1e817ffd14285962c9c76b', '6a1e7c7bfd14285962c9c739', '6a1534a2f60ff5ddb53446c1', '6a1e7c7bfd14285962c9c724', '6a1e7c7bfd14285962c9c736', '6a1e7c7cfd14285962c9c741', '6a1bbf007a63070ffd51f2a9', '6a1e817ffd14285962c9c763', '6a1e817ffd14285962c9c75a', '6a1e817ffd14285962c9c76d', '6a1e817ffd14285962c9c75b', '6a1bbf007a63070ffd51f293', '6a1e817ffd14285962c9c76e', '6a1e817ffd14285962c9c750', '6a1e7c7bfd14285962c9c72e', '6a1e7c7cfd14285962c9c746']
DB documents found: 0

--- MATCH FACE CALLED for event demo123 ---
Selfie filename: WIN_20260525_13_55_44_Pro - Copy - Copy.jpg
Faces detected in selfie: 1
FAISS matched IDs: ['6a1e7c7bfd14285962c9c728', '6a1bbf007a63070ffd51f2a7', '6a1e7c7cfd14285962c9c73b', '6a1bbf007a63070ffd51f2a3', '6a1bbf007a63070ffd51f28a', '6a1bbf007a63070ffd51f29f', '6a1bbf007a63070ffd51f294', '6a1534a2f60ff5ddb53446be', '6a14931c7bb043acdbeb3091', '6a1e817ffd14285962c9c74e', '6a1bbf007a63070ffd51f2a8', '6a1e7c7cfd14285962c9c744', '6a1bbf007a63070ffd51f2ae', '6a1bbf007a63070ffd51f2ac', '6a1e7c7bfd14285962c9c729', '6a1e817ffd14285962c9c753', '6a1e817ffd14285962c9c75d', '6a1e817ffd14285962c9c752', '6a1bbf007a63070ffd51f28f', '6a1e7c7bfd14285962c9c733', '6a1bbf007a63070ffd51f299', '6a1e7c7bfd14285962c9c731', '6a1e817ffd14285962c9c769', '6a1e817ffd14285962c9c75e', '6a14931c7bb043acdbeb3092', '6a1e817ffd14285962c9c751', '6a1e817ffd14285962c9c74d', '6a1e817ffd14285962c9c76f', '6a1e7c7cfd14285962c9c748', '6a1e817ffd14285962c9c755', '6a1e7c7cfd14285962c9c740', '6a1534a2f60ff5ddb53446bd', '6a1533aaa8a8edca581d3080', '6a1e817ffd14285962c9c770', '6a1533aaa8a8edca581d3082', '6a1bbf007a63070ffd51f2aa', '6a1e7c7bfd14285962c9c72f', '6a1e817ffd14285962c9c765', '6a1bbf007a63070ffd51f296', '6a1e817ffd14285962c9c757', '6a1e7c7bfd14285962c9c730', '6a1bbf007a63070ffd51f2a4', '6a1e7c7cfd14285962c9c73c', '6a1e817ffd14285962c9c76c', '6a1bbf007a63070ffd51f2a0', '6a1bbf007a63070ffd51f2a2', '6a1bbf007a63070ffd51f298', '6a1bbf007a63070ffd51f288', '6a1e817ffd14285962c9c76a', '6a1bbf007a63070ffd51f28b', '6a1bbf007a63070ffd51f287', '6a1534a2f60ff5ddb53446bb', '6a1e817ffd14285962c9c758', '6a1e817ffd14285962c9c760', '6a1e817ffd14285962c9c759', '6a1534a2f60ff5ddb53446c0', '6a1e817ffd14285962c9c754', '6a1e817ffd14285962c9c767', '6a1e7c7bfd14285962c9c737', '6a1bbf007a63070ffd51f2a1', '6a1e7c7cfd14285962c9c747', '6a1e7c7bfd14285962c9c727', '6a1e7c7cfd14285962c9c74b', '6a1bbf007a63070ffd51f2a5', '6a1533aaa8a8edca581d3081', '6a1e817ffd14285962c9c764', '6a1e7c7cfd14285962c9c73e', '6a1bbf007a63070ffd51f28c', '6a1534a2f60ff5ddb53446c2', '6a1e7c7cfd14285962c9c743', '6a1bbf007a63070ffd51f2a6', '6a1bbf007a63070ffd51f28d', '6a1e7c7bfd14285962c9c72c', '6a1bbf007a63070ffd51f2ad', '6a1bbf007a63070ffd51f29a', '6a1e7c7bfd14285962c9c73a', '6a1e817ffd14285962c9c773', '6a1534a2f60ff5ddb53446bf', '6a1e7c7bfd14285962c9c732', '6a1bbf007a63070ffd51f29b', '6a1e7c7bfd14285962c9c72a', '6a1bbf007a63070ffd51f289', '6a1bbf007a63070ffd51f29e', '6a1e7c7bfd14285962c9c72d', '6a1bbf007a63070ffd51f29c', '6a1bbf007a63070ffd51f297', '6a1e7c7bfd14285962c9c735', '6a1e817ffd14285962c9c74f', '6a1e7c7bfd14285962c9c726', '6a1e817ffd14285962c9c761', '6a1e7c7cfd14285962c9c742', '6a1e7c7cfd14285962c9c73d', '6a1e7c7bfd14285962c9c738', '6a1bbf007a63070ffd51f291', '6a1e817ffd14285962c9c772', '6a1e7c7bfd14285962c9c734', '6a1e7c7cfd14285962c9c745', '6a1e817ffd14285962c9c756', '6a1534a2f60ff5ddb53446b9', '6a1e7c7bfd14285962c9c725', '6a1e7c7bfd14285962c9c72b', '6a1e817ffd14285962c9c768', '6a1534a2f60ff5ddb53446bc', '6a1e817ffd14285962c9c762', '6a1bbf007a63070ffd51f28e', '6a1534a2f60ff5ddb53446ba', '6a1e817ffd14285962c9c766', '6a1bbf007a63070ffd51f295', '6a1e7c7cfd14285962c9c73f', '6a1e817ffd14285962c9c75f', '6a1bbf007a63070ffd51f292', '6a1e817ffd14285962c9c774', '6a1e817ffd14285962c9c771', '6a1bbf007a63070ffd51f290', '6a1e7c7cfd14285962c9c74a', '6a1bbf007a63070ffd51f29d', '6a1e7c7cfd14285962c9c749', '6a1bbf007a63070ffd51f2ab', '6a1e817ffd14285962c9c75c', '6a1e817ffd14285962c9c76b', '6a1e7c7bfd14285962c9c739', '6a1534a2f60ff5ddb53446c1', '6a1e7c7bfd14285962c9c724', '6a1e7c7bfd14285962c9c736', '6a1e7c7cfd14285962c9c741', '6a1bbf007a63070ffd51f2a9', '6a1e817ffd14285962c9c763', '6a1e817ffd14285962c9c75a', '6a1e817ffd14285962c9c76d', '6a1e817ffd14285962c9c75b', '6a1bbf007a63070ffd51f293', '6a1e817ffd14285962c9c76e', '6a1e817ffd14285962c9c750', '6a1e7c7bfd14285962c9c72e', '6a1e7c7cfd14285962c9c746']
DB documents found: 0

--- UPLOAD CALLED for event 6a1e83f0985f81fb3e28a977 ---
Uploaded filename: 6a1e83f0985f81fb3e28a977_20260602071921_WIN_20260525_13_55_44_Pro - Copy - Copy.jpg
Assigned DB _id: 6a1e83f9985f81fb3e28a978

--- UPLOAD CALLED for event 6a1e83f0985f81fb3e28a977 ---
Uploaded filename: 6a1e83f0985f81fb3e28a977_20260602071921_WIN_20260525_13_55_44_Pro - Copy (2).jpg
Assigned DB _id: 6a1e83f9985f81fb3e28a979

--- UPLOAD CALLED for event 6a1e83f0985f81fb3e28a977 ---
Uploaded filename: 6a1e83f0985f81fb3e28a977_20260602071921_WIN_20260525_13_55_44_Pro - Copy.jpg
Assigned DB _id: 6a1e83f9985f81fb3e28a97a

--- UPLOAD CALLED for event 6a1e83f0985f81fb3e28a977 ---
Uploaded filename: 6a1e83f0985f81fb3e28a977_20260602071921_WIN_20260525_13_55_44_Pro.jpg
Assigned DB _id: 6a1e83f9985f81fb3e28a97b

--- UPLOAD CALLED for event 6a1e83f0985f81fb3e28a977 ---
Uploaded filename: 6a1e83f0985f81fb3e28a977_20260602071921_WIN_20260525_13_55_48_Pro - Copy - Copy.jpg
Assigned DB _id: 6a1e83f9985f81fb3e28a97c

--- UPLOAD CALLED for event 6a1e83f0985f81fb3e28a977 ---
Uploaded filename: 6a1e83f0985f81fb3e28a977_20260602071921_WIN_20260525_13_55_48_Pro - Copy (2).jpg
Assigned DB _id: 6a1e83f9985f81fb3e28a97d

--- UPLOAD CALLED for event 6a1e83f0985f81fb3e28a977 ---
Uploaded filename: 6a1e83f0985f81fb3e28a977_20260602071921_WIN_20260525_13_55_48_Pro - Copy.jpg
Assigned DB _id: 6a1e83f9985f81fb3e28a97e

--- UPLOAD CALLED for event 6a1e83f0985f81fb3e28a977 ---
Uploaded filename: 6a1e83f0985f81fb3e28a977_20260602071921_WIN_20260525_13_55_48_Pro.jpg
Assigned DB _id: 6a1e83f9985f81fb3e28a97f

--- UPLOAD CALLED for event 6a1e83f0985f81fb3e28a977 ---
Uploaded filename: 6a1e83f0985f81fb3e28a977_20260602071921_WIN_20260525_13_55_50_Pro - Copy - Copy.jpg
Assigned DB _id: 6a1e83f9985f81fb3e28a980

--- UPLOAD CALLED for event 6a1e83f0985f81fb3e28a977 ---
Uploaded filename: 6a1e83f0985f81fb3e28a977_20260602071921_WIN_20260525_13_55_50_Pro - Copy (2).jpg
Assigned DB _id: 6a1e83f9985f81fb3e28a981

--- UPLOAD CALLED for event 6a1e83f0985f81fb3e28a977 ---
Uploaded filename: 6a1e83f0985f81fb3e28a977_20260602071921_WIN_20260525_13_55_50_Pro - Copy.jpg
Assigned DB _id: 6a1e83f9985f81fb3e28a982

--- UPLOAD CALLED for event 6a1e83f0985f81fb3e28a977 ---
Uploaded filename: 6a1e83f0985f81fb3e28a977_20260602071921_WIN_20260525_13_55_50_Pro.jpg
Assigned DB _id: 6a1e83f9985f81fb3e28a983

--- UPLOAD CALLED for event 6a1e83f0985f81fb3e28a977 ---
Uploaded filename: 6a1e83f0985f81fb3e28a977_20260602071921_WIN_20260526_11_18_45_Pro - Copy - Copy.jpg
Assigned DB _id: 6a1e83f9985f81fb3e28a984

--- UPLOAD CALLED for event 6a1e83f0985f81fb3e28a977 ---
Uploaded filename: 6a1e83f0985f81fb3e28a977_20260602071921_WIN_20260526_11_18_45_Pro - Copy (2).jpg
Assigned DB _id: 6a1e83f9985f81fb3e28a985

--- UPLOAD CALLED for event 6a1e83f0985f81fb3e28a977 ---
Uploaded filename: 6a1e83f0985f81fb3e28a977_20260602071921_WIN_20260526_11_18_45_Pro - Copy.jpg
Assigned DB _id: 6a1e83f9985f81fb3e28a986

--- UPLOAD CALLED for event 6a1e83f0985f81fb3e28a977 ---
Uploaded filename: 6a1e83f0985f81fb3e28a977_20260602071921_WIN_20260526_11_18_45_Pro.jpg
Assigned DB _id: 6a1e83f9985f81fb3e28a987

--- UPLOAD CALLED for event 6a1e83f0985f81fb3e28a977 ---
Uploaded filename: 6a1e83f0985f81fb3e28a977_20260602071921_WIN_20260526_11_18_46_Pro - Copy - Copy.jpg
Assigned DB _id: 6a1e83f9985f81fb3e28a988

--- UPLOAD CALLED for event 6a1e83f0985f81fb3e28a977 ---
Uploaded filename: 6a1e83f0985f81fb3e28a977_20260602071921_WIN_20260526_11_18_46_Pro - Copy (2).jpg
Assigned DB _id: 6a1e83f9985f81fb3e28a989

--- UPLOAD CALLED for event 6a1e83f0985f81fb3e28a977 ---
Uploaded filename: 6a1e83f0985f81fb3e28a977_20260602071921_WIN_20260526_11_18_46_Pro - Copy.jpg
Assigned DB _id: 6a1e83f9985f81fb3e28a98a

--- UPLOAD CALLED for event 6a1e83f0985f81fb3e28a977 ---
Uploaded filename: 6a1e83f0985f81fb3e28a977_20260602071921_WIN_20260526_11_18_46_Pro.jpg
Assigned DB _id: 6a1e83f9985f81fb3e28a98b

--- UPLOAD CALLED for event 6a1e83f0985f81fb3e28a977 ---
Uploaded filename: 6a1e83f0985f81fb3e28a977_20260602071921_WIN_20260526_11_18_47_Pro - Copy - Copy.jpg
Assigned DB _id: 6a1e83f9985f81fb3e28a98c

--- UPLOAD CALLED for event 6a1e83f0985f81fb3e28a977 ---
Uploaded filename: 6a1e83f0985f81fb3e28a977_20260602071921_WIN_20260526_11_18_47_Pro - Copy (2).jpg
Assigned DB _id: 6a1e83f9985f81fb3e28a98d

--- UPLOAD CALLED for event 6a1e83f0985f81fb3e28a977 ---
Uploaded filename: 6a1e83f0985f81fb3e28a977_20260602071921_WIN_20260526_11_18_47_Pro - Copy.jpg
Assigned DB _id: 6a1e83f9985f81fb3e28a98e

--- UPLOAD CALLED for event 6a1e83f0985f81fb3e28a977 ---
Uploaded filename: 6a1e83f0985f81fb3e28a977_20260602071921_WIN_20260526_11_18_47_Pro.jpg
Assigned DB _id: 6a1e83f9985f81fb3e28a98f

--- UPLOAD CALLED for event 6a1e83f0985f81fb3e28a977 ---
Uploaded filename: 6a1e83f0985f81fb3e28a977_20260602071921_WIN_20260526_11_18_48_Pro - Copy - Copy.jpg
Assigned DB _id: 6a1e83f9985f81fb3e28a990

--- UPLOAD CALLED for event 6a1e83f0985f81fb3e28a977 ---
Uploaded filename: 6a1e83f0985f81fb3e28a977_20260602071921_WIN_20260526_11_18_48_Pro - Copy (2).jpg
Assigned DB _id: 6a1e83f9985f81fb3e28a991

--- UPLOAD CALLED for event 6a1e83f0985f81fb3e28a977 ---
Uploaded filename: 6a1e83f0985f81fb3e28a977_20260602071921_WIN_20260526_11_18_48_Pro - Copy.jpg
Assigned DB _id: 6a1e83f9985f81fb3e28a992

--- UPLOAD CALLED for event 6a1e83f0985f81fb3e28a977 ---
Uploaded filename: 6a1e83f0985f81fb3e28a977_20260602071921_WIN_20260526_11_18_48_Pro.jpg
Assigned DB _id: 6a1e83f9985f81fb3e28a993

--- UPLOAD CALLED for event 6a1e83f0985f81fb3e28a977 ---
Uploaded filename: 6a1e83f0985f81fb3e28a977_20260602071921_WIN_20260526_11_18_50_Pro - Copy - Copy.jpg
Assigned DB _id: 6a1e83f9985f81fb3e28a994

--- UPLOAD CALLED for event 6a1e83f0985f81fb3e28a977 ---
Uploaded filename: 6a1e83f0985f81fb3e28a977_20260602071921_WIN_20260526_11_18_50_Pro - Copy (2).jpg
Assigned DB _id: 6a1e83f9985f81fb3e28a995

--- UPLOAD CALLED for event 6a1e83f0985f81fb3e28a977 ---
Uploaded filename: 6a1e83f0985f81fb3e28a977_20260602071921_WIN_20260526_11_18_50_Pro - Copy.jpg
Assigned DB _id: 6a1e83f9985f81fb3e28a996

--- UPLOAD CALLED for event 6a1e83f0985f81fb3e28a977 ---
Uploaded filename: 6a1e83f0985f81fb3e28a977_20260602071921_WIN_20260526_11_18_50_Pro.jpg
Assigned DB _id: 6a1e83f9985f81fb3e28a997

--- UPLOAD CALLED for event 6a1e83f0985f81fb3e28a977 ---
Uploaded filename: 6a1e83f0985f81fb3e28a977_20260602071921_WIN_20260526_11_18_52_Pro - Copy - Copy.jpg
Assigned DB _id: 6a1e83f9985f81fb3e28a998

--- UPLOAD CALLED for event 6a1e83f0985f81fb3e28a977 ---
Uploaded filename: 6a1e83f0985f81fb3e28a977_20260602071921_WIN_20260526_11_18_52_Pro - Copy (2).jpg
Assigned DB _id: 6a1e83f9985f81fb3e28a999

--- UPLOAD CALLED for event 6a1e83f0985f81fb3e28a977 ---
Uploaded filename: 6a1e83f0985f81fb3e28a977_20260602071921_WIN_20260526_11_18_52_Pro - Copy.jpg
Assigned DB _id: 6a1e83f9985f81fb3e28a99a

--- UPLOAD CALLED for event 6a1e83f0985f81fb3e28a977 ---
Uploaded filename: 6a1e83f0985f81fb3e28a977_20260602071921_WIN_20260526_11_18_52_Pro (2) - Copy - Copy.jpg
Assigned DB _id: 6a1e83f9985f81fb3e28a99b

--- UPLOAD CALLED for event 6a1e83f0985f81fb3e28a977 ---
Uploaded filename: 6a1e83f0985f81fb3e28a977_20260602071921_WIN_20260526_11_18_52_Pro (2) - Copy.jpg
Assigned DB _id: 6a1e83f9985f81fb3e28a99c

--- UPLOAD CALLED for event 6a1e83f0985f81fb3e28a977 ---
Uploaded filename: 6a1e83f0985f81fb3e28a977_20260602071921_WIN_20260526_11_18_52_Pro (2).jpg
Assigned DB _id: 6a1e83f9985f81fb3e28a99d

--- UPLOAD CALLED for event 6a1e83f0985f81fb3e28a977 ---
Uploaded filename: 6a1e83f0985f81fb3e28a977_20260602071921_WIN_20260526_11_18_52_Pro (3) - Copy.jpg
Assigned DB _id: 6a1e83f9985f81fb3e28a99e

--- UPLOAD CALLED for event 6a1e83f0985f81fb3e28a977 ---
Uploaded filename: 6a1e83f0985f81fb3e28a977_20260602071921_WIN_20260526_11_18_52_Pro.jpg
Assigned DB _id: 6a1e83f9985f81fb3e28a99f
Background task added 1 face(s) to FAISS for _id: 6a1e83f9985f81fb3e28a978
Background task added 1 face(s) to FAISS for _id: 6a1e83f9985f81fb3e28a979
Background task added 1 face(s) to FAISS for _id: 6a1e83f9985f81fb3e28a97a
Background task added 1 face(s) to FAISS for _id: 6a1e83f9985f81fb3e28a97b
Background task added 1 face(s) to FAISS for _id: 6a1e83f9985f81fb3e28a97c
Background task added 1 face(s) to FAISS for _id: 6a1e83f9985f81fb3e28a97d
Background task added 1 face(s) to FAISS for _id: 6a1e83f9985f81fb3e28a97e
Background task added 1 face(s) to FAISS for _id: 6a1e83f9985f81fb3e28a97f
Background task added 1 face(s) to FAISS for _id: 6a1e83f9985f81fb3e28a980
Background task added 1 face(s) to FAISS for _id: 6a1e83f9985f81fb3e28a981
Background task added 1 face(s) to FAISS for _id: 6a1e83f9985f81fb3e28a982
Background task added 1 face(s) to FAISS for _id: 6a1e83f9985f81fb3e28a983
Background task added 1 face(s) to FAISS for _id: 6a1e83f9985f81fb3e28a984
Background task added 1 face(s) to FAISS for _id: 6a1e83f9985f81fb3e28a985
Background task added 1 face(s) to FAISS for _id: 6a1e83f9985f81fb3e28a986
Background task added 1 face(s) to FAISS for _id: 6a1e83f9985f81fb3e28a987
Background task added 1 face(s) to FAISS for _id: 6a1e83f9985f81fb3e28a988
Background task added 1 face(s) to FAISS for _id: 6a1e83f9985f81fb3e28a989
Background task added 1 face(s) to FAISS for _id: 6a1e83f9985f81fb3e28a98a
Background task added 1 face(s) to FAISS for _id: 6a1e83f9985f81fb3e28a98b
Background task added 1 face(s) to FAISS for _id: 6a1e83f9985f81fb3e28a98c
Background task added 1 face(s) to FAISS for _id: 6a1e83f9985f81fb3e28a98d
Background task added 1 face(s) to FAISS for _id: 6a1e83f9985f81fb3e28a98e
Background task added 1 face(s) to FAISS for _id: 6a1e83f9985f81fb3e28a98f
Background task added 1 face(s) to FAISS for _id: 6a1e83f9985f81fb3e28a990
Background task added 1 face(s) to FAISS for _id: 6a1e83f9985f81fb3e28a991
Background task added 1 face(s) to FAISS for _id: 6a1e83f9985f81fb3e28a992
Background task added 1 face(s) to FAISS for _id: 6a1e83f9985f81fb3e28a993
Background task added 1 face(s) to FAISS for _id: 6a1e83f9985f81fb3e28a994
Background task added 1 face(s) to FAISS for _id: 6a1e83f9985f81fb3e28a995
Background task added 1 face(s) to FAISS for _id: 6a1e83f9985f81fb3e28a996
Background task added 1 face(s) to FAISS for _id: 6a1e83f9985f81fb3e28a997
Background task added 1 face(s) to FAISS for _id: 6a1e83f9985f81fb3e28a998
Background task added 1 face(s) to FAISS for _id: 6a1e83f9985f81fb3e28a999
Background task added 1 face(s) to FAISS for _id: 6a1e83f9985f81fb3e28a99a
Background task added 1 face(s) to FAISS for _id: 6a1e83f9985f81fb3e28a99b
Background task added 1 face(s) to FAISS for _id: 6a1e83f9985f81fb3e28a99c
Background task added 1 face(s) to FAISS for _id: 6a1e83f9985f81fb3e28a99d
Background task added 1 face(s) to FAISS for _id: 6a1e83f9985f81fb3e28a99e
Background task added 1 face(s) to FAISS for _id: 6a1e83f9985f81fb3e28a99f

--- MATCH FACE CALLED for event demo123 ---
Selfie filename: WIN_20260525_13_55_44_Pro - Copy - Copy.jpg
Faces detected in selfie: 1
FAISS matched IDs: ['6a1e83f9985f81fb3e28a983', '6a1e7c7bfd14285962c9c728', '6a1bbf007a63070ffd51f2a7', '6a1e7c7cfd14285962c9c73b', '6a1bbf007a63070ffd51f2a3', '6a1bbf007a63070ffd51f28a', '6a1e83f9985f81fb3e28a99b', '6a1bbf007a63070ffd51f29f', '6a1bbf007a63070ffd51f294', '6a1534a2f60ff5ddb53446be', '6a14931c7bb043acdbeb3091', '6a1e817ffd14285962c9c74e', '6a1bbf007a63070ffd51f2a8', '6a1e7c7cfd14285962c9c744', '6a1e83f9985f81fb3e28a97b', '6a1bbf007a63070ffd51f2ae', '6a1e83f9985f81fb3e28a984', '6a1e83f9985f81fb3e28a987', '6a1e83f9985f81fb3e28a998', '6a1bbf007a63070ffd51f2ac', '6a1e7c7bfd14285962c9c729', '6a1e817ffd14285962c9c753', '6a1e817ffd14285962c9c75d', '6a1e817ffd14285962c9c752', '6a1bbf007a63070ffd51f28f', '6a1e7c7bfd14285962c9c733', '6a1bbf007a63070ffd51f299', '6a1e7c7bfd14285962c9c731', '6a1e817ffd14285962c9c769', '6a1e817ffd14285962c9c75e', '6a14931c7bb043acdbeb3092', '6a1e817ffd14285962c9c751', '6a1e817ffd14285962c9c74d', '6a1e817ffd14285962c9c76f', '6a1e7c7cfd14285962c9c748', '6a1e83f9985f81fb3e28a982', '6a1e817ffd14285962c9c755', '6a1e83f9985f81fb3e28a996', '6a1e7c7cfd14285962c9c740', '6a1e83f9985f81fb3e28a97d', '6a1534a2f60ff5ddb53446bd', '6a1533aaa8a8edca581d3080', '6a1e817ffd14285962c9c770', '6a1533aaa8a8edca581d3082', '6a1bbf007a63070ffd51f2aa', '6a1e7c7bfd14285962c9c72f', '6a1e817ffd14285962c9c765', '6a1bbf007a63070ffd51f296', '6a1e817ffd14285962c9c757', '6a1e7c7bfd14285962c9c730', '6a1bbf007a63070ffd51f2a4', '6a1e7c7cfd14285962c9c73c', '6a1e83f9985f81fb3e28a986', '6a1e817ffd14285962c9c76c', '6a1e83f9985f81fb3e28a979', '6a1bbf007a63070ffd51f2a0', '6a1bbf007a63070ffd51f2a2', '6a1bbf007a63070ffd51f298', '6a1e83f9985f81fb3e28a97a', '6a1bbf007a63070ffd51f288', '6a1e817ffd14285962c9c76a', '6a1bbf007a63070ffd51f28b', '6a1bbf007a63070ffd51f287', '6a1534a2f60ff5ddb53446bb', '6a1e817ffd14285962c9c758', '6a1e817ffd14285962c9c760', '6a1e817ffd14285962c9c759', '6a1534a2f60ff5ddb53446c0', '6a1e817ffd14285962c9c754', '6a1e817ffd14285962c9c767', '6a1e7c7bfd14285962c9c737', '6a1e83f9985f81fb3e28a989', '6a1e83f9985f81fb3e28a97c', '6a1e83f9985f81fb3e28a999', '6a1e83f9985f81fb3e28a98e', '6a1bbf007a63070ffd51f2a1', '6a1e83f9985f81fb3e28a993', '6a1e7c7cfd14285962c9c747', '6a1e83f9985f81fb3e28a985', '6a1e7c7bfd14285962c9c727', '6a1e7c7cfd14285962c9c74b', '6a1bbf007a63070ffd51f2a5', '6a1533aaa8a8edca581d3081', '6a1e817ffd14285962c9c764', '6a1e7c7cfd14285962c9c73e', '6a1bbf007a63070ffd51f28c', '6a1534a2f60ff5ddb53446c2', '6a1e7c7cfd14285962c9c743', '6a1e83f9985f81fb3e28a98a', '6a1bbf007a63070ffd51f2a6', '6a1bbf007a63070ffd51f28d', '6a1e7c7bfd14285962c9c72c', '6a1bbf007a63070ffd51f2ad', '6a1bbf007a63070ffd51f29a', '6a1e83f9985f81fb3e28a980', '6a1e7c7bfd14285962c9c73a', '6a1e817ffd14285962c9c773', '6a1534a2f60ff5ddb53446bf', '6a1e7c7bfd14285962c9c732', '6a1bbf007a63070ffd51f29b', '6a1e7c7bfd14285962c9c72a', '6a1e83f9985f81fb3e28a99a', '6a1bbf007a63070ffd51f289', '6a1bbf007a63070ffd51f29e', '6a1e83f9985f81fb3e28a97e', '6a1e7c7bfd14285962c9c72d', '6a1e83f9985f81fb3e28a988', '6a1e83f9985f81fb3e28a978', '6a1e83f9985f81fb3e28a997', '6a1e83f9985f81fb3e28a98d', '6a1bbf007a63070ffd51f29c', '6a1bbf007a63070ffd51f297', '6a1e7c7bfd14285962c9c735', '6a1e817ffd14285962c9c74f', '6a1e7c7bfd14285962c9c726', '6a1e817ffd14285962c9c761', '6a1e7c7cfd14285962c9c742', '6a1e7c7cfd14285962c9c73d', '6a1e7c7bfd14285962c9c738', '6a1e83f9985f81fb3e28a995', '6a1bbf007a63070ffd51f291', '6a1e817ffd14285962c9c772', '6a1e83f9985f81fb3e28a99f', '6a1e7c7bfd14285962c9c734', '6a1e7c7cfd14285962c9c745', '6a1e817ffd14285962c9c756', '6a1534a2f60ff5ddb53446b9', '6a1e7c7bfd14285962c9c725', '6a1e7c7bfd14285962c9c72b', '6a1e817ffd14285962c9c768', '6a1e83f9985f81fb3e28a990', '6a1534a2f60ff5ddb53446bc', '6a1e817ffd14285962c9c762', '6a1e83f9985f81fb3e28a992', '6a1bbf007a63070ffd51f28e', '6a1e83f9985f81fb3e28a98b', '6a1534a2f60ff5ddb53446ba', '6a1e83f9985f81fb3e28a98f', '6a1e83f9985f81fb3e28a994', '6a1e83f9985f81fb3e28a99d', '6a1e817ffd14285962c9c766', '6a1bbf007a63070ffd51f295', '6a1e7c7cfd14285962c9c73f', '6a1e817ffd14285962c9c75f', '6a1e83f9985f81fb3e28a99c', '6a1bbf007a63070ffd51f292', '6a1e83f9985f81fb3e28a991', '6a1e817ffd14285962c9c774', '6a1e817ffd14285962c9c771', '6a1bbf007a63070ffd51f290', '6a1e7c7cfd14285962c9c74a', '6a1bbf007a63070ffd51f29d', '6a1e7c7cfd14285962c9c749', '6a1bbf007a63070ffd51f2ab', '6a1e83f9985f81fb3e28a98c', '6a1e817ffd14285962c9c75c', '6a1e817ffd14285962c9c76b', '6a1e83f9985f81fb3e28a97f', '6a1e7c7bfd14285962c9c739', '6a1534a2f60ff5ddb53446c1', '6a1e7c7bfd14285962c9c724', '6a1e7c7bfd14285962c9c736', '6a1e83f9985f81fb3e28a981', '6a1e7c7cfd14285962c9c741', '6a1bbf007a63070ffd51f2a9', '6a1e817ffd14285962c9c763', '6a1e817ffd14285962c9c75a', '6a1e817ffd14285962c9c76d', '6a1e817ffd14285962c9c75b', '6a1bbf007a63070ffd51f293', '6a1e817ffd14285962c9c76e', '6a1e817ffd14285962c9c750', '6a1e7c7bfd14285962c9c72e', '6a1e7c7cfd14285962c9c746', '6a1e83f9985f81fb3e28a99e']
DB documents found: 0

--- MATCH FACE CALLED for event 6a1e83f0985f81fb3e28a977 ---
Selfie filename: 17803848184686315068059823517145.jpg
Faces detected in selfie: 1
FAISS matched IDs: ['6a1e83f9985f81fb3e28a983', '6a1e7c7bfd14285962c9c728', '6a1bbf007a63070ffd51f2a7', '6a1e7c7cfd14285962c9c73b', '6a1bbf007a63070ffd51f2a3', '6a1bbf007a63070ffd51f28a', '6a1e83f9985f81fb3e28a99b', '6a1bbf007a63070ffd51f29f', '6a1bbf007a63070ffd51f294', '6a1534a2f60ff5ddb53446be', '6a14931c7bb043acdbeb3091', '6a1e817ffd14285962c9c74e', '6a1bbf007a63070ffd51f2a8', '6a1e7c7cfd14285962c9c744', '6a1e83f9985f81fb3e28a97b', '6a1bbf007a63070ffd51f2ae', '6a1e83f9985f81fb3e28a984', '6a1e83f9985f81fb3e28a987', '6a1e83f9985f81fb3e28a998', '6a1bbf007a63070ffd51f2ac', '6a1e817ffd14285962c9c75d', '6a1e7c7bfd14285962c9c729', '6a1e817ffd14285962c9c753', '6a1e817ffd14285962c9c752', '6a1bbf007a63070ffd51f28f', '6a1e7c7bfd14285962c9c733', '6a1bbf007a63070ffd51f299', '6a1e7c7bfd14285962c9c731', '6a1e817ffd14285962c9c769', '6a1e817ffd14285962c9c75e', '6a14931c7bb043acdbeb3092', '6a1e817ffd14285962c9c751', '6a1e817ffd14285962c9c74d', '6a1e817ffd14285962c9c76f', '6a1e7c7cfd14285962c9c748', '6a1e83f9985f81fb3e28a982', '6a1e817ffd14285962c9c755', '6a1e83f9985f81fb3e28a996', '6a1e7c7cfd14285962c9c740', '6a1534a2f60ff5ddb53446bd', '6a1e83f9985f81fb3e28a97d', '6a1533aaa8a8edca581d3080', '6a1e817ffd14285962c9c770', '6a1533aaa8a8edca581d3082', '6a1bbf007a63070ffd51f2aa', '6a1e7c7bfd14285962c9c72f', '6a1e817ffd14285962c9c765', '6a1bbf007a63070ffd51f296', '6a1e817ffd14285962c9c757', '6a1e7c7bfd14285962c9c730', '6a1bbf007a63070ffd51f2a4', '6a1e7c7cfd14285962c9c73c', '6a1e83f9985f81fb3e28a986', '6a1e817ffd14285962c9c76c', '6a1e83f9985f81fb3e28a979', '6a1bbf007a63070ffd51f2a0', '6a1bbf007a63070ffd51f2a2', '6a1bbf007a63070ffd51f298', '6a1e83f9985f81fb3e28a97a', '6a1bbf007a63070ffd51f288', '6a1e817ffd14285962c9c76a', '6a1534a2f60ff5ddb53446bb', '6a1bbf007a63070ffd51f287', '6a1e817ffd14285962c9c758', '6a1bbf007a63070ffd51f28b', '6a1e817ffd14285962c9c760', '6a1e817ffd14285962c9c759', '6a1534a2f60ff5ddb53446c0', '6a1e817ffd14285962c9c754', '6a1e817ffd14285962c9c767', '6a1e7c7bfd14285962c9c737', '6a1e83f9985f81fb3e28a989', '6a1e83f9985f81fb3e28a97c', '6a1e83f9985f81fb3e28a999', '6a1e83f9985f81fb3e28a98e', '6a1bbf007a63070ffd51f2a1', '6a1e83f9985f81fb3e28a993', '6a1e7c7cfd14285962c9c747', '6a1e83f9985f81fb3e28a985', '6a1e7c7bfd14285962c9c727', '6a1e7c7cfd14285962c9c74b', '6a1bbf007a63070ffd51f2a5', '6a1533aaa8a8edca581d3081', '6a1e817ffd14285962c9c764', '6a1e7c7cfd14285962c9c73e', '6a1bbf007a63070ffd51f28c', '6a1534a2f60ff5ddb53446c2', '6a1e7c7cfd14285962c9c743', '6a1e83f9985f81fb3e28a98a', '6a1bbf007a63070ffd51f2a6', '6a1e7c7bfd14285962c9c72c', '6a1bbf007a63070ffd51f28d', '6a1bbf007a63070ffd51f2ad', '6a1bbf007a63070ffd51f29a', '6a1e83f9985f81fb3e28a980', '6a1e7c7bfd14285962c9c73a', '6a1e817ffd14285962c9c773', '6a1534a2f60ff5ddb53446bf', '6a1e7c7bfd14285962c9c732', '6a1bbf007a63070ffd51f29b', '6a1e7c7bfd14285962c9c72a', '6a1e83f9985f81fb3e28a99a', '6a1bbf007a63070ffd51f289', '6a1bbf007a63070ffd51f29e', '6a1e7c7bfd14285962c9c72d', '6a1e83f9985f81fb3e28a988', '6a1e83f9985f81fb3e28a97e', '6a1e83f9985f81fb3e28a978', '6a1e83f9985f81fb3e28a997', '6a1e83f9985f81fb3e28a98d', '6a1bbf007a63070ffd51f29c', '6a1bbf007a63070ffd51f297', '6a1e7c7bfd14285962c9c735', '6a1e817ffd14285962c9c74f', '6a1e7c7bfd14285962c9c726', '6a1e817ffd14285962c9c761', '6a1e7c7cfd14285962c9c742', '6a1e7c7cfd14285962c9c73d', '6a1e7c7bfd14285962c9c738', '6a1e83f9985f81fb3e28a995', '6a1bbf007a63070ffd51f291', '6a1e817ffd14285962c9c772', '6a1e83f9985f81fb3e28a99f', '6a1e7c7bfd14285962c9c734', '6a1e7c7cfd14285962c9c745', '6a1e817ffd14285962c9c756', '6a1534a2f60ff5ddb53446b9', '6a1e7c7bfd14285962c9c725', '6a1e7c7bfd14285962c9c72b', '6a1e817ffd14285962c9c768', '6a1e83f9985f81fb3e28a990', '6a1534a2f60ff5ddb53446bc', '6a1e817ffd14285962c9c762', '6a1e83f9985f81fb3e28a992', '6a1bbf007a63070ffd51f28e', '6a1e83f9985f81fb3e28a98b', '6a1534a2f60ff5ddb53446ba', '6a1e83f9985f81fb3e28a98f', '6a1e83f9985f81fb3e28a994', '6a1e83f9985f81fb3e28a99d', '6a1e817ffd14285962c9c766', '6a1bbf007a63070ffd51f295', '6a1e7c7cfd14285962c9c73f', '6a1e817ffd14285962c9c75f', '6a1e83f9985f81fb3e28a99c', '6a1bbf007a63070ffd51f292', '6a1e83f9985f81fb3e28a991', '6a1e817ffd14285962c9c774', '6a1e817ffd14285962c9c771', '6a1bbf007a63070ffd51f290', '6a1e7c7cfd14285962c9c74a', '6a1bbf007a63070ffd51f29d', '6a1e7c7cfd14285962c9c749', '6a1bbf007a63070ffd51f2ab', '6a1e83f9985f81fb3e28a98c', '6a1e817ffd14285962c9c75c', '6a1e817ffd14285962c9c76b', '6a1e83f9985f81fb3e28a97f', '6a1e7c7bfd14285962c9c739', '6a1534a2f60ff5ddb53446c1', '6a1e7c7bfd14285962c9c724', '6a1e7c7bfd14285962c9c736', '6a1e83f9985f81fb3e28a981', '6a1e7c7cfd14285962c9c741', '6a1bbf007a63070ffd51f2a9', '6a1e817ffd14285962c9c763', '6a1e817ffd14285962c9c75a', '6a1e817ffd14285962c9c76d', '6a1e817ffd14285962c9c75b', '6a1bbf007a63070ffd51f293', '6a1e817ffd14285962c9c76e', '6a1e817ffd14285962c9c750', '6a1e7c7bfd14285962c9c72e', '6a1e7c7cfd14285962c9c746', '6a1e83f9985f81fb3e28a99e']
DB documents found: 40
First DB doc: {'event_id': '6a1e83f0985f81fb3e28a977', 's3_url': '/static/6a1e83f0985f81fb3e28a977_20260602071921_WIN_20260525_13_55_44_Pro - Copy - Copy.jpg', 'folder_name': 'General', 'uploaded_by': 'mock_admin_123', 'uploaded_at': '2026-06-02 07:19:21.715821', 'is_processed': True, 'filename': 'WIN_20260525_13_55_44_Pro - Copy - Copy.jpg', '_id': '6a1e83f9985f81fb3e28a978', 'faces_detected': 1, 'blur_score': 144.50138020409477, 'emotions': {'dominant_emotion': 'happy'}, 'captions': None}

--- MATCH FACE CALLED for event 1 ---
Selfie filename: WIN_20260525_13_55_44_Pro - Copy - Copy.jpg
Faces detected in selfie: 1
FAISS matched IDs: ['6a1e83f9985f81fb3e28a983', '6a1e7c7bfd14285962c9c728', '6a1bbf007a63070ffd51f2a7', '6a1e7c7cfd14285962c9c73b', '6a1bbf007a63070ffd51f2a3', '6a1bbf007a63070ffd51f28a', '6a1e83f9985f81fb3e28a99b', '6a1bbf007a63070ffd51f29f', '6a1bbf007a63070ffd51f294', '6a1534a2f60ff5ddb53446be', '6a14931c7bb043acdbeb3091', '6a1e817ffd14285962c9c74e', '6a1bbf007a63070ffd51f2a8', '6a1e7c7cfd14285962c9c744', '6a1e83f9985f81fb3e28a97b', '6a1bbf007a63070ffd51f2ae', '6a1e83f9985f81fb3e28a984', '6a1e83f9985f81fb3e28a987', '6a1e83f9985f81fb3e28a998', '6a1bbf007a63070ffd51f2ac', '6a1e7c7bfd14285962c9c729', '6a1e817ffd14285962c9c753', '6a1e817ffd14285962c9c75d', '6a1e817ffd14285962c9c752', '6a1bbf007a63070ffd51f28f', '6a1e7c7bfd14285962c9c733', '6a1bbf007a63070ffd51f299', '6a1e7c7bfd14285962c9c731', '6a1e817ffd14285962c9c769', '6a1e817ffd14285962c9c75e', '6a14931c7bb043acdbeb3092', '6a1e817ffd14285962c9c751', '6a1e817ffd14285962c9c74d', '6a1e817ffd14285962c9c76f', '6a1e7c7cfd14285962c9c748', '6a1e83f9985f81fb3e28a982', '6a1e817ffd14285962c9c755', '6a1e83f9985f81fb3e28a996', '6a1e7c7cfd14285962c9c740', '6a1e83f9985f81fb3e28a97d', '6a1534a2f60ff5ddb53446bd', '6a1533aaa8a8edca581d3080', '6a1e817ffd14285962c9c770', '6a1533aaa8a8edca581d3082', '6a1bbf007a63070ffd51f2aa', '6a1e7c7bfd14285962c9c72f', '6a1e817ffd14285962c9c765', '6a1bbf007a63070ffd51f296', '6a1e817ffd14285962c9c757', '6a1e7c7bfd14285962c9c730', '6a1bbf007a63070ffd51f2a4', '6a1e7c7cfd14285962c9c73c', '6a1e83f9985f81fb3e28a986', '6a1e817ffd14285962c9c76c', '6a1e83f9985f81fb3e28a979', '6a1bbf007a63070ffd51f2a0', '6a1bbf007a63070ffd51f2a2', '6a1bbf007a63070ffd51f298', '6a1e83f9985f81fb3e28a97a', '6a1bbf007a63070ffd51f288', '6a1e817ffd14285962c9c76a', '6a1bbf007a63070ffd51f28b', '6a1bbf007a63070ffd51f287', '6a1534a2f60ff5ddb53446bb', '6a1e817ffd14285962c9c758', '6a1e817ffd14285962c9c760', '6a1e817ffd14285962c9c759', '6a1534a2f60ff5ddb53446c0', '6a1e817ffd14285962c9c754', '6a1e817ffd14285962c9c767', '6a1e7c7bfd14285962c9c737', '6a1e83f9985f81fb3e28a989', '6a1e83f9985f81fb3e28a97c', '6a1e83f9985f81fb3e28a999', '6a1e83f9985f81fb3e28a98e', '6a1bbf007a63070ffd51f2a1', '6a1e83f9985f81fb3e28a993', '6a1e7c7cfd14285962c9c747', '6a1e83f9985f81fb3e28a985', '6a1e7c7bfd14285962c9c727', '6a1e7c7cfd14285962c9c74b', '6a1bbf007a63070ffd51f2a5', '6a1533aaa8a8edca581d3081', '6a1e817ffd14285962c9c764', '6a1e7c7cfd14285962c9c73e', '6a1bbf007a63070ffd51f28c', '6a1534a2f60ff5ddb53446c2', '6a1e7c7cfd14285962c9c743', '6a1e83f9985f81fb3e28a98a', '6a1bbf007a63070ffd51f2a6', '6a1bbf007a63070ffd51f28d', '6a1e7c7bfd14285962c9c72c', '6a1bbf007a63070ffd51f2ad', '6a1bbf007a63070ffd51f29a', '6a1e83f9985f81fb3e28a980', '6a1e7c7bfd14285962c9c73a', '6a1e817ffd14285962c9c773', '6a1534a2f60ff5ddb53446bf', '6a1e7c7bfd14285962c9c732', '6a1bbf007a63070ffd51f29b', '6a1e7c7bfd14285962c9c72a', '6a1e83f9985f81fb3e28a99a', '6a1bbf007a63070ffd51f289', '6a1bbf007a63070ffd51f29e', '6a1e83f9985f81fb3e28a97e', '6a1e7c7bfd14285962c9c72d', '6a1e83f9985f81fb3e28a988', '6a1e83f9985f81fb3e28a978', '6a1e83f9985f81fb3e28a997', '6a1e83f9985f81fb3e28a98d', '6a1bbf007a63070ffd51f29c', '6a1bbf007a63070ffd51f297', '6a1e7c7bfd14285962c9c735', '6a1e817ffd14285962c9c74f', '6a1e7c7bfd14285962c9c726', '6a1e817ffd14285962c9c761', '6a1e7c7cfd14285962c9c742', '6a1e7c7cfd14285962c9c73d', '6a1e7c7bfd14285962c9c738', '6a1e83f9985f81fb3e28a995', '6a1bbf007a63070ffd51f291', '6a1e817ffd14285962c9c772', '6a1e83f9985f81fb3e28a99f', '6a1e7c7bfd14285962c9c734', '6a1e7c7cfd14285962c9c745', '6a1e817ffd14285962c9c756', '6a1534a2f60ff5ddb53446b9', '6a1e7c7bfd14285962c9c725', '6a1e7c7bfd14285962c9c72b', '6a1e817ffd14285962c9c768', '6a1e83f9985f81fb3e28a990', '6a1534a2f60ff5ddb53446bc', '6a1e817ffd14285962c9c762', '6a1e83f9985f81fb3e28a992', '6a1bbf007a63070ffd51f28e', '6a1e83f9985f81fb3e28a98b', '6a1534a2f60ff5ddb53446ba', '6a1e83f9985f81fb3e28a98f', '6a1e83f9985f81fb3e28a994', '6a1e83f9985f81fb3e28a99d', '6a1e817ffd14285962c9c766', '6a1bbf007a63070ffd51f295', '6a1e7c7cfd14285962c9c73f', '6a1e817ffd14285962c9c75f', '6a1e83f9985f81fb3e28a99c', '6a1bbf007a63070ffd51f292', '6a1e83f9985f81fb3e28a991', '6a1e817ffd14285962c9c774', '6a1e817ffd14285962c9c771', '6a1bbf007a63070ffd51f290', '6a1e7c7cfd14285962c9c74a', '6a1bbf007a63070ffd51f29d', '6a1e7c7cfd14285962c9c749', '6a1bbf007a63070ffd51f2ab', '6a1e83f9985f81fb3e28a98c', '6a1e817ffd14285962c9c75c', '6a1e817ffd14285962c9c76b', '6a1e83f9985f81fb3e28a97f', '6a1e7c7bfd14285962c9c739', '6a1534a2f60ff5ddb53446c1', '6a1e7c7bfd14285962c9c724', '6a1e7c7bfd14285962c9c736', '6a1e83f9985f81fb3e28a981', '6a1e7c7cfd14285962c9c741', '6a1bbf007a63070ffd51f2a9', '6a1e817ffd14285962c9c763', '6a1e817ffd14285962c9c75a', '6a1e817ffd14285962c9c76d', '6a1e817ffd14285962c9c75b', '6a1bbf007a63070ffd51f293', '6a1e817ffd14285962c9c76e', '6a1e817ffd14285962c9c750', '6a1e7c7bfd14285962c9c72e', '6a1e7c7cfd14285962c9c746', '6a1e83f9985f81fb3e28a99e']
DB documents found: 40
First DB doc: {'event_id': '6a1e83f0985f81fb3e28a977', 's3_url': '/static/6a1e83f0985f81fb3e28a977_20260602071921_WIN_20260525_13_55_44_Pro - Copy - Copy.jpg', 'folder_name': 'General', 'uploaded_by': 'mock_admin_123', 'uploaded_at': '2026-06-02 07:19:21.715821', 'is_processed': True, 'filename': 'WIN_20260525_13_55_44_Pro - Copy - Copy.jpg', '_id': '6a1e83f9985f81fb3e28a978', 'faces_detected': 1, 'blur_score': 144.50138020409477, 'emotions': {'dominant_emotion': 'happy'}, 'captions': None}

--- MATCH FACE CALLED for event 6a1e83f0985f81fb3e28a977 ---
Selfie filename: WIN_20260525_13_55_44_Pro - Copy - Copy.jpg
Faces detected in selfie: 1
FAISS matched IDs: ['6a1e83f9985f81fb3e28a983', '6a1e7c7bfd14285962c9c728', '6a1bbf007a63070ffd51f2a7', '6a1e7c7cfd14285962c9c73b', '6a1bbf007a63070ffd51f2a3', '6a1bbf007a63070ffd51f28a', '6a1e83f9985f81fb3e28a99b', '6a1bbf007a63070ffd51f29f', '6a1bbf007a63070ffd51f294', '6a1534a2f60ff5ddb53446be', '6a14931c7bb043acdbeb3091', '6a1e817ffd14285962c9c74e', '6a1bbf007a63070ffd51f2a8', '6a1e7c7cfd14285962c9c744', '6a1e83f9985f81fb3e28a97b', '6a1bbf007a63070ffd51f2ae', '6a1e83f9985f81fb3e28a984', '6a1e83f9985f81fb3e28a987', '6a1e83f9985f81fb3e28a998', '6a1bbf007a63070ffd51f2ac', '6a1e7c7bfd14285962c9c729', '6a1e817ffd14285962c9c753', '6a1e817ffd14285962c9c75d', '6a1e817ffd14285962c9c752', '6a1bbf007a63070ffd51f28f', '6a1e7c7bfd14285962c9c733', '6a1bbf007a63070ffd51f299', '6a1e7c7bfd14285962c9c731', '6a1e817ffd14285962c9c769', '6a1e817ffd14285962c9c75e', '6a14931c7bb043acdbeb3092', '6a1e817ffd14285962c9c751', '6a1e817ffd14285962c9c74d', '6a1e817ffd14285962c9c76f', '6a1e7c7cfd14285962c9c748', '6a1e83f9985f81fb3e28a982', '6a1e817ffd14285962c9c755', '6a1e83f9985f81fb3e28a996', '6a1e7c7cfd14285962c9c740', '6a1e83f9985f81fb3e28a97d', '6a1534a2f60ff5ddb53446bd', '6a1533aaa8a8edca581d3080', '6a1e817ffd14285962c9c770', '6a1533aaa8a8edca581d3082', '6a1bbf007a63070ffd51f2aa', '6a1e7c7bfd14285962c9c72f', '6a1e817ffd14285962c9c765', '6a1bbf007a63070ffd51f296', '6a1e817ffd14285962c9c757', '6a1e7c7bfd14285962c9c730', '6a1bbf007a63070ffd51f2a4', '6a1e7c7cfd14285962c9c73c', '6a1e83f9985f81fb3e28a986', '6a1e817ffd14285962c9c76c', '6a1e83f9985f81fb3e28a979', '6a1bbf007a63070ffd51f2a0', '6a1bbf007a63070ffd51f2a2', '6a1bbf007a63070ffd51f298', '6a1e83f9985f81fb3e28a97a', '6a1bbf007a63070ffd51f288', '6a1e817ffd14285962c9c76a', '6a1bbf007a63070ffd51f28b', '6a1bbf007a63070ffd51f287', '6a1534a2f60ff5ddb53446bb', '6a1e817ffd14285962c9c758', '6a1e817ffd14285962c9c760', '6a1e817ffd14285962c9c759', '6a1534a2f60ff5ddb53446c0', '6a1e817ffd14285962c9c754', '6a1e817ffd14285962c9c767', '6a1e7c7bfd14285962c9c737', '6a1e83f9985f81fb3e28a989', '6a1e83f9985f81fb3e28a97c', '6a1e83f9985f81fb3e28a999', '6a1e83f9985f81fb3e28a98e', '6a1bbf007a63070ffd51f2a1', '6a1e83f9985f81fb3e28a993', '6a1e7c7cfd14285962c9c747', '6a1e83f9985f81fb3e28a985', '6a1e7c7bfd14285962c9c727', '6a1e7c7cfd14285962c9c74b', '6a1bbf007a63070ffd51f2a5', '6a1533aaa8a8edca581d3081', '6a1e817ffd14285962c9c764', '6a1e7c7cfd14285962c9c73e', '6a1bbf007a63070ffd51f28c', '6a1534a2f60ff5ddb53446c2', '6a1e7c7cfd14285962c9c743', '6a1e83f9985f81fb3e28a98a', '6a1bbf007a63070ffd51f2a6', '6a1bbf007a63070ffd51f28d', '6a1e7c7bfd14285962c9c72c', '6a1bbf007a63070ffd51f2ad', '6a1bbf007a63070ffd51f29a', '6a1e83f9985f81fb3e28a980', '6a1e7c7bfd14285962c9c73a', '6a1e817ffd14285962c9c773', '6a1534a2f60ff5ddb53446bf', '6a1e7c7bfd14285962c9c732', '6a1bbf007a63070ffd51f29b', '6a1e7c7bfd14285962c9c72a', '6a1e83f9985f81fb3e28a99a', '6a1bbf007a63070ffd51f289', '6a1bbf007a63070ffd51f29e', '6a1e83f9985f81fb3e28a97e', '6a1e7c7bfd14285962c9c72d', '6a1e83f9985f81fb3e28a988', '6a1e83f9985f81fb3e28a978', '6a1e83f9985f81fb3e28a997', '6a1e83f9985f81fb3e28a98d', '6a1bbf007a63070ffd51f29c', '6a1bbf007a63070ffd51f297', '6a1e7c7bfd14285962c9c735', '6a1e817ffd14285962c9c74f', '6a1e7c7bfd14285962c9c726', '6a1e817ffd14285962c9c761', '6a1e7c7cfd14285962c9c742', '6a1e7c7cfd14285962c9c73d', '6a1e7c7bfd14285962c9c738', '6a1e83f9985f81fb3e28a995', '6a1bbf007a63070ffd51f291', '6a1e817ffd14285962c9c772', '6a1e83f9985f81fb3e28a99f', '6a1e7c7bfd14285962c9c734', '6a1e7c7cfd14285962c9c745', '6a1e817ffd14285962c9c756', '6a1534a2f60ff5ddb53446b9', '6a1e7c7bfd14285962c9c725', '6a1e7c7bfd14285962c9c72b', '6a1e817ffd14285962c9c768', '6a1e83f9985f81fb3e28a990', '6a1534a2f60ff5ddb53446bc', '6a1e817ffd14285962c9c762', '6a1e83f9985f81fb3e28a992', '6a1bbf007a63070ffd51f28e', '6a1e83f9985f81fb3e28a98b', '6a1534a2f60ff5ddb53446ba', '6a1e83f9985f81fb3e28a98f', '6a1e83f9985f81fb3e28a994', '6a1e83f9985f81fb3e28a99d', '6a1e817ffd14285962c9c766', '6a1bbf007a63070ffd51f295', '6a1e7c7cfd14285962c9c73f', '6a1e817ffd14285962c9c75f', '6a1e83f9985f81fb3e28a99c', '6a1bbf007a63070ffd51f292', '6a1e83f9985f81fb3e28a991', '6a1e817ffd14285962c9c774', '6a1e817ffd14285962c9c771', '6a1bbf007a63070ffd51f290', '6a1e7c7cfd14285962c9c74a', '6a1bbf007a63070ffd51f29d', '6a1e7c7cfd14285962c9c749', '6a1bbf007a63070ffd51f2ab', '6a1e83f9985f81fb3e28a98c', '6a1e817ffd14285962c9c75c', '6a1e817ffd14285962c9c76b', '6a1e83f9985f81fb3e28a97f', '6a1e7c7bfd14285962c9c739', '6a1534a2f60ff5ddb53446c1', '6a1e7c7bfd14285962c9c724', '6a1e7c7bfd14285962c9c736', '6a1e83f9985f81fb3e28a981', '6a1e7c7cfd14285962c9c741', '6a1bbf007a63070ffd51f2a9', '6a1e817ffd14285962c9c763', '6a1e817ffd14285962c9c75a', '6a1e817ffd14285962c9c76d', '6a1e817ffd14285962c9c75b', '6a1bbf007a63070ffd51f293', '6a1e817ffd14285962c9c76e', '6a1e817ffd14285962c9c750', '6a1e7c7bfd14285962c9c72e', '6a1e7c7cfd14285962c9c746', '6a1e83f9985f81fb3e28a99e']
DB documents found: 40
First DB doc: {'event_id': '6a1e83f0985f81fb3e28a977', 's3_url': '/static/6a1e83f0985f81fb3e28a977_20260602071921_WIN_20260525_13_55_44_Pro - Copy - Copy.jpg', 'folder_name': 'General', 'uploaded_by': 'mock_admin_123', 'uploaded_at': '2026-06-02 07:19:21.715821', 'is_processed': True, 'filename': 'WIN_20260525_13_55_44_Pro - Copy - Copy.jpg', '_id': '6a1e83f9985f81fb3e28a978', 'faces_detected': 1, 'blur_score': 144.50138020409477, 'emotions': {'dominant_emotion': 'happy'}, 'captions': None}

--- MATCH FACE CALLED for event 6a1e83f0985f81fb3e28a977 ---
Selfie filename: 17803875872974808206228605586718.jpg
Faces detected in selfie: 1
FAISS matched IDs: ['6a1e83f9985f81fb3e28a983', '6a1e7c7bfd14285962c9c728', '6a1bbf007a63070ffd51f2a7', '6a1e7c7cfd14285962c9c73b', '6a1bbf007a63070ffd51f2a3', '6a1e83f9985f81fb3e28a99b', '6a1bbf007a63070ffd51f28a', '6a1bbf007a63070ffd51f29f', '6a1bbf007a63070ffd51f294', '6a1534a2f60ff5ddb53446be', '6a14931c7bb043acdbeb3091', '6a1e817ffd14285962c9c74e', '6a1bbf007a63070ffd51f2a8', '6a1e7c7cfd14285962c9c744', '6a1e83f9985f81fb3e28a97b', '6a1bbf007a63070ffd51f2ae', '6a1e83f9985f81fb3e28a984', '6a1e83f9985f81fb3e28a987', '6a1e83f9985f81fb3e28a998', '6a1bbf007a63070ffd51f2ac', '6a1e817ffd14285962c9c75d', '6a1e7c7bfd14285962c9c729', '6a1e817ffd14285962c9c753', '6a1e817ffd14285962c9c752', '6a1bbf007a63070ffd51f28f', '6a1e7c7bfd14285962c9c733', '6a1bbf007a63070ffd51f299', '6a1e7c7bfd14285962c9c731', '6a1e817ffd14285962c9c769', '6a1e817ffd14285962c9c75e', '6a14931c7bb043acdbeb3092', '6a1e817ffd14285962c9c751', '6a1e817ffd14285962c9c74d', '6a1e817ffd14285962c9c76f', '6a1e7c7cfd14285962c9c748', '6a1e83f9985f81fb3e28a982', '6a1e817ffd14285962c9c755', '6a1e83f9985f81fb3e28a996', '6a1e7c7cfd14285962c9c740', '6a1534a2f60ff5ddb53446bd', '6a1e83f9985f81fb3e28a97d', '6a1533aaa8a8edca581d3080', '6a1e817ffd14285962c9c770', '6a1533aaa8a8edca581d3082', '6a1bbf007a63070ffd51f2aa', '6a1e817ffd14285962c9c765', '6a1e7c7bfd14285962c9c72f', '6a1bbf007a63070ffd51f296', '6a1e817ffd14285962c9c757', '6a1e7c7bfd14285962c9c730', '6a1bbf007a63070ffd51f2a4', '6a1e7c7cfd14285962c9c73c', '6a1e83f9985f81fb3e28a986', '6a1e817ffd14285962c9c76c', '6a1e83f9985f81fb3e28a979', '6a1bbf007a63070ffd51f2a0', '6a1bbf007a63070ffd51f2a2', '6a1bbf007a63070ffd51f298', '6a1e83f9985f81fb3e28a97a', '6a1bbf007a63070ffd51f288', '6a1e817ffd14285962c9c76a', '6a1534a2f60ff5ddb53446bb', '6a1bbf007a63070ffd51f287', '6a1e817ffd14285962c9c758', '6a1bbf007a63070ffd51f28b', '6a1e817ffd14285962c9c760', '6a1e817ffd14285962c9c759', '6a1534a2f60ff5ddb53446c0', '6a1e817ffd14285962c9c754', '6a1e817ffd14285962c9c767', '6a1e7c7bfd14285962c9c737', '6a1e83f9985f81fb3e28a989', '6a1e83f9985f81fb3e28a97c', '6a1e83f9985f81fb3e28a999', '6a1e83f9985f81fb3e28a98e', '6a1bbf007a63070ffd51f2a1', '6a1e83f9985f81fb3e28a993', '6a1e7c7cfd14285962c9c747', '6a1e83f9985f81fb3e28a985', '6a1e7c7bfd14285962c9c727', '6a1e7c7cfd14285962c9c74b', '6a1bbf007a63070ffd51f2a5', '6a1533aaa8a8edca581d3081', '6a1e817ffd14285962c9c764', '6a1e7c7cfd14285962c9c73e', '6a1bbf007a63070ffd51f28c', '6a1534a2f60ff5ddb53446c2', '6a1e7c7cfd14285962c9c743', '6a1e83f9985f81fb3e28a98a', '6a1bbf007a63070ffd51f2a6', '6a1e7c7bfd14285962c9c72c', '6a1bbf007a63070ffd51f28d', '6a1bbf007a63070ffd51f2ad', '6a1bbf007a63070ffd51f29a', '6a1e7c7bfd14285962c9c73a', '6a1e83f9985f81fb3e28a980', '6a1e817ffd14285962c9c773', '6a1534a2f60ff5ddb53446bf', '6a1e7c7bfd14285962c9c732', '6a1bbf007a63070ffd51f29b', '6a1e7c7bfd14285962c9c72a', '6a1e83f9985f81fb3e28a99a', '6a1bbf007a63070ffd51f289', '6a1bbf007a63070ffd51f29e', '6a1e7c7bfd14285962c9c72d', '6a1e83f9985f81fb3e28a988', '6a1e83f9985f81fb3e28a97e', '6a1e83f9985f81fb3e28a978', '6a1e83f9985f81fb3e28a997', '6a1e83f9985f81fb3e28a98d', '6a1bbf007a63070ffd51f29c', '6a1bbf007a63070ffd51f297', '6a1e7c7cfd14285962c9c742', '6a1e817ffd14285962c9c74f', '6a1e7c7bfd14285962c9c726', '6a1e817ffd14285962c9c761', '6a1e7c7bfd14285962c9c735', '6a1e7c7cfd14285962c9c73d', '6a1e7c7bfd14285962c9c738', '6a1e83f9985f81fb3e28a995', '6a1bbf007a63070ffd51f291', '6a1e817ffd14285962c9c772', '6a1e83f9985f81fb3e28a99f', '6a1e7c7bfd14285962c9c734', '6a1e7c7cfd14285962c9c745', '6a1e817ffd14285962c9c756', '6a1534a2f60ff5ddb53446b9', '6a1e7c7bfd14285962c9c725', '6a1e7c7bfd14285962c9c72b', '6a1e817ffd14285962c9c768', '6a1534a2f60ff5ddb53446bc', '6a1e83f9985f81fb3e28a990', '6a1e817ffd14285962c9c762', '6a1e83f9985f81fb3e28a992', '6a1bbf007a63070ffd51f28e', '6a1e83f9985f81fb3e28a98b', '6a1534a2f60ff5ddb53446ba', '6a1e83f9985f81fb3e28a98f', '6a1e83f9985f81fb3e28a994', '6a1e83f9985f81fb3e28a99d', '6a1bbf007a63070ffd51f295', '6a1e817ffd14285962c9c766', '6a1e7c7cfd14285962c9c73f', '6a1e817ffd14285962c9c75f', '6a1e83f9985f81fb3e28a99c', '6a1bbf007a63070ffd51f292', '6a1e83f9985f81fb3e28a991', '6a1e817ffd14285962c9c774', '6a1e817ffd14285962c9c771', '6a1bbf007a63070ffd51f290', '6a1e7c7cfd14285962c9c74a', '6a1bbf007a63070ffd51f29d', '6a1e7c7cfd14285962c9c749', '6a1bbf007a63070ffd51f2ab', '6a1e83f9985f81fb3e28a98c', '6a1e817ffd14285962c9c75c', '6a1e817ffd14285962c9c76b', '6a1e83f9985f81fb3e28a97f', '6a1e7c7bfd14285962c9c739', '6a1534a2f60ff5ddb53446c1', '6a1e7c7bfd14285962c9c724', '6a1e7c7bfd14285962c9c736', '6a1e83f9985f81fb3e28a981', '6a1e7c7cfd14285962c9c741', '6a1bbf007a63070ffd51f2a9', '6a1e817ffd14285962c9c763', '6a1e817ffd14285962c9c75a', '6a1e817ffd14285962c9c76d', '6a1e817ffd14285962c9c75b', '6a1bbf007a63070ffd51f293', '6a1e817ffd14285962c9c76e', '6a1e817ffd14285962c9c750', '6a1e7c7bfd14285962c9c72e', '6a1e7c7cfd14285962c9c746', '6a1e83f9985f81fb3e28a99e']
DB documents found: 40
First DB doc: {'event_id': '6a1e83f0985f81fb3e28a977', 's3_url': '/static/6a1e83f0985f81fb3e28a977_20260602071921_WIN_20260525_13_55_44_Pro - Copy - Copy.jpg', 'folder_name': 'General', 'uploaded_by': 'mock_admin_123', 'uploaded_at': '2026-06-02 07:19:21.715821', 'is_processed': True, 'filename': 'WIN_20260525_13_55_44_Pro - Copy - Copy.jpg', '_id': '6a1e83f9985f81fb3e28a978', 'faces_detected': 1, 'blur_score': 144.50138020409477, 'emotions': {'dominant_emotion': 'happy'}, 'captions': None}

--- MATCH FACE CALLED for event 6a1e83f0985f81fb3e28a977 ---
Selfie filename: 17803879498537913034958622919275.jpg
Faces detected in selfie: 1
FAISS matched IDs: ['6a1e83f9985f81fb3e28a983', '6a1bbf007a63070ffd51f2a7', '6a1e7c7cfd14285962c9c73b', '6a1bbf007a63070ffd51f2a3', '6a1e83f9985f81fb3e28a99b', '6a1bbf007a63070ffd51f28a', '6a1bbf007a63070ffd51f29f', '6a1bbf007a63070ffd51f294', '6a1534a2f60ff5ddb53446be', '6a14931c7bb043acdbeb3091', '6a1bbf007a63070ffd51f2a8', '6a1e817ffd14285962c9c74e', '6a1e7c7cfd14285962c9c744', '6a1e83f9985f81fb3e28a97b', '6a1bbf007a63070ffd51f2ae', '6a1e83f9985f81fb3e28a984', '6a1e83f9985f81fb3e28a987', '6a1e83f9985f81fb3e28a998', '6a1bbf007a63070ffd51f2ac', '6a1e817ffd14285962c9c75d', '6a1bbf007a63070ffd51f28f', '6a1e7c7bfd14285962c9c733', '6a1bbf007a63070ffd51f299', '6a1e7c7bfd14285962c9c731', '6a1e817ffd14285962c9c769', '6a1e817ffd14285962c9c75e', '6a14931c7bb043acdbeb3092', '6a1e817ffd14285962c9c74d', '6a1e817ffd14285962c9c76f', '6a1e7c7cfd14285962c9c748', '6a1e83f9985f81fb3e28a982', '6a1e817ffd14285962c9c755', '6a1e83f9985f81fb3e28a996', '6a1e7c7cfd14285962c9c740', '6a1534a2f60ff5ddb53446bd', '6a1533aaa8a8edca581d3080', '6a1e817ffd14285962c9c770', '6a1533aaa8a8edca581d3082', '6a1bbf007a63070ffd51f2aa', '6a1e817ffd14285962c9c765', '6a1e7c7bfd14285962c9c72f', '6a1bbf007a63070ffd51f296', '6a1e817ffd14285962c9c757', '6a1e7c7bfd14285962c9c730', '6a1bbf007a63070ffd51f2a4', '6a1e7c7cfd14285962c9c73c', '6a1e83f9985f81fb3e28a986', '6a1e817ffd14285962c9c76c', '6a1e83f9985f81fb3e28a979', '6a1bbf007a63070ffd51f2a0', '6a1bbf007a63070ffd51f2a2', '6a1bbf007a63070ffd51f298', '6a1e83f9985f81fb3e28a97a', '6a1bbf007a63070ffd51f288', '6a1e817ffd14285962c9c76a', '6a1534a2f60ff5ddb53446bb', '6a1e817ffd14285962c9c758', '6a1bbf007a63070ffd51f287', '6a1e817ffd14285962c9c760', '6a1e817ffd14285962c9c759', '6a1534a2f60ff5ddb53446c0', '6a1e817ffd14285962c9c767', '6a1e7c7bfd14285962c9c737', '6a1e83f9985f81fb3e28a989', '6a1e83f9985f81fb3e28a999', '6a1e83f9985f81fb3e28a98e', '6a1bbf007a63070ffd51f2a1', '6a1e83f9985f81fb3e28a993', '6a1e7c7cfd14285962c9c747', '6a1e83f9985f81fb3e28a985', '6a1e7c7bfd14285962c9c727', '6a1e7c7cfd14285962c9c74b', '6a1bbf007a63070ffd51f2a5', '6a1e817ffd14285962c9c764', '6a1e7c7cfd14285962c9c73e', '6a1534a2f60ff5ddb53446c2', '6a1e7c7cfd14285962c9c743', '6a1e83f9985f81fb3e28a98a', '6a1bbf007a63070ffd51f2a6', '6a1e7c7bfd14285962c9c72c', '6a1bbf007a63070ffd51f2ad', '6a1bbf007a63070ffd51f29a', '6a1e7c7bfd14285962c9c73a', '6a1e83f9985f81fb3e28a980', '6a1e817ffd14285962c9c773', '6a1534a2f60ff5ddb53446bf', '6a1e7c7bfd14285962c9c732', '6a1bbf007a63070ffd51f29b', '6a1e83f9985f81fb3e28a99a', '6a1bbf007a63070ffd51f289', '6a1bbf007a63070ffd51f29e', '6a1e7c7bfd14285962c9c72d', '6a1e83f9985f81fb3e28a988', '6a1e83f9985f81fb3e28a978', '6a1e83f9985f81fb3e28a997', '6a1e83f9985f81fb3e28a98d', '6a1bbf007a63070ffd51f29c', '6a1bbf007a63070ffd51f297', '6a1e7c7cfd14285962c9c742', '6a1e817ffd14285962c9c74f', '6a1e7c7bfd14285962c9c726', '6a1e817ffd14285962c9c761', '6a1e7c7bfd14285962c9c735', '6a1e7c7cfd14285962c9c73d', '6a1e7c7bfd14285962c9c738', '6a1e83f9985f81fb3e28a995', '6a1bbf007a63070ffd51f291', '6a1e817ffd14285962c9c772', '6a1e83f9985f81fb3e28a99f', '6a1e7c7bfd14285962c9c734', '6a1e7c7cfd14285962c9c745', '6a1e817ffd14285962c9c756', '6a1534a2f60ff5ddb53446b9', '6a1e7c7bfd14285962c9c725', '6a1e817ffd14285962c9c768', '6a1e83f9985f81fb3e28a990', '6a1534a2f60ff5ddb53446bc', '6a1e817ffd14285962c9c762', '6a1e83f9985f81fb3e28a992', '6a1e83f9985f81fb3e28a98b', '6a1e83f9985f81fb3e28a98f', '6a1e83f9985f81fb3e28a994', '6a1e83f9985f81fb3e28a99d', '6a1e817ffd14285962c9c766', '6a1bbf007a63070ffd51f295', '6a1e7c7cfd14285962c9c73f', '6a1e817ffd14285962c9c75f', '6a1e83f9985f81fb3e28a99c', '6a1bbf007a63070ffd51f292', '6a1e83f9985f81fb3e28a991', '6a1e817ffd14285962c9c774', '6a1e817ffd14285962c9c771', '6a1bbf007a63070ffd51f290', '6a1e7c7cfd14285962c9c74a', '6a1bbf007a63070ffd51f29d', '6a1e7c7cfd14285962c9c749', '6a1bbf007a63070ffd51f2ab', '6a1e83f9985f81fb3e28a98c', '6a1e817ffd14285962c9c75c', '6a1e817ffd14285962c9c76b', '6a1e7c7bfd14285962c9c739', '6a1534a2f60ff5ddb53446c1', '6a1e7c7bfd14285962c9c724', '6a1e7c7bfd14285962c9c736', '6a1e83f9985f81fb3e28a981', '6a1e7c7cfd14285962c9c741', '6a1bbf007a63070ffd51f2a9', '6a1e817ffd14285962c9c763', '6a1e817ffd14285962c9c75a', '6a1e817ffd14285962c9c76d', '6a1e817ffd14285962c9c75b', '6a1bbf007a63070ffd51f293', '6a1e817ffd14285962c9c76e', '6a1e817ffd14285962c9c750', '6a1e7c7bfd14285962c9c72e', '6a1e7c7cfd14285962c9c746', '6a1e83f9985f81fb3e28a99e']
DB documents found: 36
First DB doc: {'event_id': '6a1e83f0985f81fb3e28a977', 's3_url': '/static/6a1e83f0985f81fb3e28a977_20260602071921_WIN_20260525_13_55_44_Pro - Copy - Copy.jpg', 'folder_name': 'General', 'uploaded_by': 'mock_admin_123', 'uploaded_at': '2026-06-02 07:19:21.715821', 'is_processed': True, 'filename': 'WIN_20260525_13_55_44_Pro - Copy - Copy.jpg', '_id': '6a1e83f9985f81fb3e28a978', 'faces_detected': 1, 'blur_score': 144.50138020409477, 'emotions': {'dominant_emotion': 'happy'}, 'captions': None}

--- MATCH FACE CALLED for event 6a1e83f0985f81fb3e28a977 ---
Selfie filename: WIN_20260525_13_55_44_Pro - Copy - Copy.jpg
Faces detected in selfie: 1
FAISS matched IDs: ['6a1e817ffd14285962c9c758', '6a1e83f9985f81fb3e28a979', '6a1e817ffd14285962c9c764', '6a1e83f9985f81fb3e28a98f', '6a1e817ffd14285962c9c754', '6a1bbf007a63070ffd51f2ac', '6a1bbf007a63070ffd51f2a7', '6a1e817ffd14285962c9c759', '6a1bbf007a63070ffd51f2a6', '6a1e817ffd14285962c9c771', '6a1bbf007a63070ffd51f290', '6a1e7c7cfd14285962c9c744', '6a1e7c7bfd14285962c9c726', '6a1e83f9985f81fb3e28a99e', '6a1bbf007a63070ffd51f2a1', '6a1bbf007a63070ffd51f2a5', '6a1bbf007a63070ffd51f2ae', '6a1e83f9985f81fb3e28a98b', '6a1e7c7bfd14285962c9c725', '6a1e817ffd14285962c9c773', '6a1e83f9985f81fb3e28a987', '6a1bbf007a63070ffd51f29d', '6a1e817ffd14285962c9c74d', '6a1e83f9985f81fb3e28a995', '6a1bbf007a63070ffd51f299', '6a1bbf007a63070ffd51f29a', '6a1e7c7cfd14285962c9c73c', '6a1e817ffd14285962c9c772', '6a1bbf007a63070ffd51f295', '6a1e83f9985f81fb3e28a99b', '6a1bbf007a63070ffd51f293', '6a1533aaa8a8edca581d3081', '6a1e7c7bfd14285962c9c737', '6a1bbf007a63070ffd51f28c', '6a1e7c7cfd14285962c9c74b', '6a1e7c7cfd14285962c9c73e', '6a1bbf007a63070ffd51f294', '6a1e817ffd14285962c9c766', '6a1bbf007a63070ffd51f2a3', '6a1e83f9985f81fb3e28a986', '6a1e83f9985f81fb3e28a98e', '6a1e83f9985f81fb3e28a997', '6a1e817ffd14285962c9c76b', '6a1534a2f60ff5ddb53446c2', '6a1e7c7cfd14285962c9c746', '6a1e7c7cfd14285962c9c740', '6a1bbf007a63070ffd51f29f', '6a1e7c7cfd14285962c9c74a', '6a14931c7bb043acdbeb3091', '6a1e817ffd14285962c9c75d', '6a1e817ffd14285962c9c770', '6a1e817ffd14285962c9c76e', '6a1e83f9985f81fb3e28a99a', '6a1e817ffd14285962c9c75b', '6a1bbf007a63070ffd51f289', '6a1bbf007a63070ffd51f28f', '6a1bbf007a63070ffd51f28b', '6a1e7c7bfd14285962c9c730', '6a1e83f9985f81fb3e28a994', '6a1e7c7bfd14285962c9c735', '6a1e83f9985f81fb3e28a978', '6a1e7c7bfd14285962c9c72c', '6a1e83f9985f81fb3e28a981', '6a1e7c7bfd14285962c9c72f', '6a1534a2f60ff5ddb53446be', '6a1bbf007a63070ffd51f2ad', '6a1bbf007a63070ffd51f291', '6a1534a2f60ff5ddb53446bf', '6a1e83f9985f81fb3e28a97b', '6a1e7c7cfd14285962c9c73d', '6a1e7c7bfd14285962c9c732', '6a1e7c7bfd14285962c9c734', '6a1e83f9985f81fb3e28a97a', '6a1bbf007a63070ffd51f2a0', '6a1e83f9985f81fb3e28a97d', '6a1bbf007a63070ffd51f28d', '6a1e817ffd14285962c9c767', '6a1bbf007a63070ffd51f2a9', '6a1e7c7cfd14285962c9c741', '6a1e817ffd14285962c9c752', '6a1e83f9985f81fb3e28a985', '6a1e817ffd14285962c9c75f', '6a1e817ffd14285962c9c74e', '6a1e7c7bfd14285962c9c731', '6a1e817ffd14285962c9c763', '6a1e7c7bfd14285962c9c724', '6a1e83f9985f81fb3e28a982', '6a1bbf007a63070ffd51f29b', '6a1e817ffd14285962c9c76f', '6a1534a2f60ff5ddb53446bb', '6a1e817ffd14285962c9c769', '6a1bbf007a63070ffd51f292', '6a1e817ffd14285962c9c755', '6a1534a2f60ff5ddb53446c0', '6a1534a2f60ff5ddb53446bd', '6a1e7c7cfd14285962c9c73b', '6a1e83f9985f81fb3e28a99f', '6a1e817ffd14285962c9c76c', '6a1e817ffd14285962c9c750', '6a1bbf007a63070ffd51f297', '6a1e83f9985f81fb3e28a98c', '6a1e7c7bfd14285962c9c733', '6a1e7c7bfd14285962c9c73a', '6a1533aaa8a8edca581d3082', '6a1e83f9985f81fb3e28a97c', '6a1e83f9985f81fb3e28a984', '6a1bbf007a63070ffd51f2a4', '6a1e83f9985f81fb3e28a988', '6a1e7c7cfd14285962c9c743', '6a1e7c7bfd14285962c9c72e', '6a1e83f9985f81fb3e28a998', '6a1e83f9985f81fb3e28a983', '6a1bbf007a63070ffd51f29e', '6a1e83f9985f81fb3e28a97f', '6a1534a2f60ff5ddb53446c1', '6a1e83f9985f81fb3e28a993', '6a1e817ffd14285962c9c757', '6a1e7c7cfd14285962c9c749', '6a1bbf007a63070ffd51f2aa', '6a1e7c7cfd14285962c9c742', '6a1e83f9985f81fb3e28a991', '6a1e817ffd14285962c9c751', '6a1e817ffd14285962c9c761', '6a1e817ffd14285962c9c76a', '6a1e7c7cfd14285962c9c745', '6a1bbf007a63070ffd51f28e', '6a1e83f9985f81fb3e28a98a', '6a1e7c7bfd14285962c9c736', '6a1e7c7bfd14285962c9c72b', '6a1e7c7cfd14285962c9c747', '6a14931c7bb043acdbeb3092', '6a1e83f9985f81fb3e28a99c', '6a1bbf007a63070ffd51f298', '6a1533aaa8a8edca581d3080', '6a1e817ffd14285962c9c762', '6a1e817ffd14285962c9c74f', '6a1e817ffd14285962c9c75a', '6a1e817ffd14285962c9c75e', '6a1bbf007a63070ffd51f287', '6a1e817ffd14285962c9c768', '6a1e7c7bfd14285962c9c72a', '6a1e7c7bfd14285962c9c738', '6a1e83f9985f81fb3e28a989', '6a1e817ffd14285962c9c765', '6a1bbf007a63070ffd51f2ab', '6a1e7c7bfd14285962c9c739', '6a1e83f9985f81fb3e28a97e', '6a1e83f9985f81fb3e28a996', '6a1e83f9985f81fb3e28a992', '6a1e7c7bfd14285962c9c72d', '6a1bbf007a63070ffd51f2a8', '6a1534a2f60ff5ddb53446b9', '6a1e7c7bfd14285962c9c727', '6a1e817ffd14285962c9c760', '6a1e83f9985f81fb3e28a98d', '6a1534a2f60ff5ddb53446ba', '6a1e83f9985f81fb3e28a990', '6a1bbf007a63070ffd51f29c', '6a1e817ffd14285962c9c774', '6a1e83f9985f81fb3e28a999', '6a1e817ffd14285962c9c753', '6a1e817ffd14285962c9c75c', '6a1e83f9985f81fb3e28a99d', '6a1bbf007a63070ffd51f2a2', '6a1bbf007a63070ffd51f28a', '6a1e83f9985f81fb3e28a980', '6a1e7c7cfd14285962c9c748', '6a1bbf007a63070ffd51f288', '6a1e7c7bfd14285962c9c729', '6a1e817ffd14285962c9c76d', '6a1bbf007a63070ffd51f296', '6a1e7c7cfd14285962c9c73f', '6a1e7c7bfd14285962c9c728', '6a1e817ffd14285962c9c756', '6a1534a2f60ff5ddb53446bc']
DB documents found: 40
First DB doc: {'event_id': '6a1e83f0985f81fb3e28a977', 's3_url': '/static/6a1e83f0985f81fb3e28a977_20260602071921_WIN_20260525_13_55_44_Pro - Copy - Copy.jpg', 'folder_name': 'General', 'uploaded_by': 'mock_admin_123', 'uploaded_at': '2026-06-02 07:19:21.715821', 'is_processed': True, 'filename': 'WIN_20260525_13_55_44_Pro - Copy - Copy.jpg', '_id': '6a1e83f9985f81fb3e28a978', 'faces_detected': 1, 'blur_score': 144.50138020409477, 'emotions': {'dominant_emotion': 'happy'}, 'captions': None}

--- MATCH FACE CALLED for event 6a1e83f0985f81fb3e28a977 ---
Selfie filename: WIN_20260525_13_55_44_Pro - Copy - Copy.jpg
Faces detected in selfie: 1
FAISS matched IDs: ['6a1533aaa8a8edca581d3080', '6a1534a2f60ff5ddb53446bc', '6a1e83f9985f81fb3e28a980', '6a1e83f9985f81fb3e28a97c', '6a1e817ffd14285962c9c76e', '6a1534a2f60ff5ddb53446ba', '6a1e7c7cfd14285962c9c74b', '6a1e7c7cfd14285962c9c744', '6a1bbf007a63070ffd51f299', '6a1e83f9985f81fb3e28a99f', '6a1bbf007a63070ffd51f293', '6a1e817ffd14285962c9c75b', '6a1e83f9985f81fb3e28a97b', '6a1e7c7bfd14285962c9c72a', '6a1534a2f60ff5ddb53446bf', '6a1bbf007a63070ffd51f290', '6a1bbf007a63070ffd51f288', '6a1e817ffd14285962c9c756', '6a1e817ffd14285962c9c75d', '6a1e83f9985f81fb3e28a97f', '6a1e7c7cfd14285962c9c749', '6a1e83f9985f81fb3e28a988', '6a1e83f9985f81fb3e28a98b', '6a1e817ffd14285962c9c75f', '6a1bbf007a63070ffd51f28c', '6a1e83f9985f81fb3e28a981', '6a1bbf007a63070ffd51f28f', '6a1e7c7bfd14285962c9c72f', '6a1e83f9985f81fb3e28a991', '6a1534a2f60ff5ddb53446be', '6a1e817ffd14285962c9c766', '6a1533aaa8a8edca581d3082', '6a1e817ffd14285962c9c761', '6a1e817ffd14285962c9c764', '6a1e817ffd14285962c9c770', '6a1e817ffd14285962c9c772', '6a1bbf007a63070ffd51f2a5', '6a1e7c7bfd14285962c9c72e', '6a1e7c7bfd14285962c9c733', '6a1e83f9985f81fb3e28a99c', '6a1bbf007a63070ffd51f28b', '6a1e7c7cfd14285962c9c748', '6a1e83f9985f81fb3e28a986', '6a1bbf007a63070ffd51f297', '6a1e83f9985f81fb3e28a99e', '6a1e817ffd14285962c9c74e', '6a1bbf007a63070ffd51f2a0', '6a1e7c7bfd14285962c9c72d', '6a1e83f9985f81fb3e28a99a', '6a1e7c7bfd14285962c9c729', '6a1534a2f60ff5ddb53446c2', '6a1e7c7cfd14285962c9c74a', '6a1e7c7cfd14285962c9c740', '6a1e817ffd14285962c9c773', '6a1e817ffd14285962c9c774', '6a1e817ffd14285962c9c75e', '6a1e7c7cfd14285962c9c73e', '6a1e7c7bfd14285962c9c730', '6a1bbf007a63070ffd51f2ae', '6a1534a2f60ff5ddb53446bd', '6a1e7c7bfd14285962c9c736', '6a1e7c7cfd14285962c9c73f', '6a1e83f9985f81fb3e28a97a', '6a1e7c7bfd14285962c9c727', '6a1e83f9985f81fb3e28a99d', '6a1e83f9985f81fb3e28a994', '6a1bbf007a63070ffd51f2ac', '6a1bbf007a63070ffd51f289', '6a1e7c7bfd14285962c9c734', '6a1e817ffd14285962c9c74f', '6a1e817ffd14285962c9c754', '6a1e83f9985f81fb3e28a993', '6a1e83f9985f81fb3e28a997', '6a1bbf007a63070ffd51f2aa', '6a1e7c7bfd14285962c9c726', '6a1e83f9985f81fb3e28a98a', '6a1e817ffd14285962c9c76f', '6a1e7c7bfd14285962c9c72c', '6a1bbf007a63070ffd51f287', '6a1534a2f60ff5ddb53446b9', '6a1e817ffd14285962c9c768', '6a1e7c7bfd14285962c9c731', '6a1e817ffd14285962c9c76d', '6a1e83f9985f81fb3e28a992', '6a1e83f9985f81fb3e28a987', '6a1bbf007a63070ffd51f292', '6a1e7c7bfd14285962c9c724', '6a1e7c7cfd14285962c9c73c', '6a1e7c7bfd14285962c9c738', '6a1e83f9985f81fb3e28a979', '6a1e7c7bfd14285962c9c737', '6a1e7c7bfd14285962c9c72b', '6a1e83f9985f81fb3e28a982', '6a1e817ffd14285962c9c751', '6a1e83f9985f81fb3e28a998', '6a1bbf007a63070ffd51f29a', '6a1bbf007a63070ffd51f291', '6a1bbf007a63070ffd51f2a9', '6a1e7c7bfd14285962c9c732', '6a1bbf007a63070ffd51f2a6', '6a1e7c7cfd14285962c9c745', '6a1e7c7bfd14285962c9c728', '6a1e83f9985f81fb3e28a978', '6a1e7c7bfd14285962c9c739', '6a1e817ffd14285962c9c76a', '6a1bbf007a63070ffd51f29c', '6a1e83f9985f81fb3e28a98c', '6a1e83f9985f81fb3e28a999', '6a1e83f9985f81fb3e28a98e', '6a1e83f9985f81fb3e28a984', '6a1e817ffd14285962c9c762', '6a14931c7bb043acdbeb3091', '6a1bbf007a63070ffd51f2a1', '6a1e7c7cfd14285962c9c746', '6a1e817ffd14285962c9c763', '6a1e817ffd14285962c9c75c', '6a14931c7bb043acdbeb3092', '6a1e83f9985f81fb3e28a983', '6a1e7c7cfd14285962c9c747', '6a1bbf007a63070ffd51f28e', '6a1bbf007a63070ffd51f29e', '6a1bbf007a63070ffd51f294', '6a1e7c7cfd14285962c9c73b', '6a1e817ffd14285962c9c771', '6a1bbf007a63070ffd51f2a3', '6a1bbf007a63070ffd51f28d', '6a1e7c7bfd14285962c9c725', '6a1e817ffd14285962c9c76b', '6a1e83f9985f81fb3e28a97d', '6a1e7c7bfd14285962c9c73a', '6a1e817ffd14285962c9c758', '6a1bbf007a63070ffd51f2ab', '6a1bbf007a63070ffd51f2a8', '6a1e83f9985f81fb3e28a990', '6a1e817ffd14285962c9c752', '6a1e7c7cfd14285962c9c742', '6a1e83f9985f81fb3e28a989', '6a1e817ffd14285962c9c769', '6a1533aaa8a8edca581d3081', '6a1bbf007a63070ffd51f29b', '6a1e7c7bfd14285962c9c735', '6a1bbf007a63070ffd51f2ad', '6a1bbf007a63070ffd51f29f', '6a1e817ffd14285962c9c750', '6a1e817ffd14285962c9c75a', '6a1e83f9985f81fb3e28a97e', '6a1e83f9985f81fb3e28a98f', '6a1bbf007a63070ffd51f296', '6a1534a2f60ff5ddb53446c1', '6a1e817ffd14285962c9c760', '6a1e817ffd14285962c9c753', '6a1bbf007a63070ffd51f2a7', '6a1e817ffd14285962c9c767', '6a1e817ffd14285962c9c765', '6a1bbf007a63070ffd51f28a', '6a1e83f9985f81fb3e28a99b', '6a1bbf007a63070ffd51f2a2', '6a1e817ffd14285962c9c755', '6a1e83f9985f81fb3e28a98d', '6a1e817ffd14285962c9c74d', '6a1e817ffd14285962c9c76c', '6a1e7c7cfd14285962c9c741', '6a1534a2f60ff5ddb53446c0', '6a1e7c7cfd14285962c9c73d', '6a1534a2f60ff5ddb53446bb', '6a1e817ffd14285962c9c757', '6a1e83f9985f81fb3e28a985', '6a1e7c7cfd14285962c9c743', '6a1bbf007a63070ffd51f295', '6a1bbf007a63070ffd51f298', '6a1e817ffd14285962c9c759', '6a1bbf007a63070ffd51f2a4', '6a1e83f9985f81fb3e28a996', '6a1bbf007a63070ffd51f29d', '6a1e83f9985f81fb3e28a995']
DB documents found: 40
First DB doc: {'event_id': '6a1e83f0985f81fb3e28a977', 's3_url': '/static/6a1e83f0985f81fb3e28a977_20260602071921_WIN_20260525_13_55_44_Pro - Copy - Copy.jpg', 'folder_name': 'General', 'uploaded_by': 'mock_admin_123', 'uploaded_at': '2026-06-02 07:19:21.715821', 'is_processed': True, 'filename': 'WIN_20260525_13_55_44_Pro - Copy - Copy.jpg', '_id': '6a1e83f9985f81fb3e28a978', 'faces_detected': 1, 'blur_score': 144.50138020409477, 'emotions': {'dominant_emotion': 'happy'}, 'captions': None}

--- MATCH FACE CALLED for event 6a1e83f0985f81fb3e28a977 ---
Selfie filename: 17803912061666235618194872607970.jpg
Faces detected in selfie: 1
FAISS matched IDs: ['6a1533aaa8a8edca581d3080', '6a1534a2f60ff5ddb53446bc', '6a1e83f9985f81fb3e28a980', '6a1e83f9985f81fb3e28a97c', '6a1e817ffd14285962c9c76e', '6a1534a2f60ff5ddb53446ba', '6a1e7c7cfd14285962c9c74b', '6a1bbf007a63070ffd51f299', '6a1e7c7cfd14285962c9c744', '6a1e83f9985f81fb3e28a99f', '6a1bbf007a63070ffd51f293', '6a1e817ffd14285962c9c75b', '6a1e83f9985f81fb3e28a97b', '6a1bbf007a63070ffd51f290', '6a1e817ffd14285962c9c756', '6a1e817ffd14285962c9c75d', '6a1534a2f60ff5ddb53446bf', '6a1bbf007a63070ffd51f288', '6a1e7c7bfd14285962c9c72a', '6a1e83f9985f81fb3e28a97f', '6a1e7c7cfd14285962c9c749', '6a1e83f9985f81fb3e28a988', '6a1e83f9985f81fb3e28a98b', '6a1e817ffd14285962c9c75f', '6a1e83f9985f81fb3e28a981', '6a1bbf007a63070ffd51f28c', '6a1bbf007a63070ffd51f28f', '6a1e7c7bfd14285962c9c72f', '6a1534a2f60ff5ddb53446be', '6a1e817ffd14285962c9c761', '6a1533aaa8a8edca581d3082', '6a1e817ffd14285962c9c764', '6a1e817ffd14285962c9c770', '6a1e817ffd14285962c9c766', '6a1e83f9985f81fb3e28a991', '6a1e817ffd14285962c9c772', '6a1bbf007a63070ffd51f2a5', '6a1e7c7bfd14285962c9c72e', '6a1e7c7bfd14285962c9c733', '6a1e83f9985f81fb3e28a99c', '6a1bbf007a63070ffd51f28b', '6a1e7c7cfd14285962c9c748', '6a1e83f9985f81fb3e28a986', '6a1bbf007a63070ffd51f297', '6a1e83f9985f81fb3e28a99e', '6a1e817ffd14285962c9c74e', '6a1bbf007a63070ffd51f2a0', '6a1e7c7bfd14285962c9c72d', '6a1e83f9985f81fb3e28a99a', '6a1e7c7cfd14285962c9c74a', '6a1534a2f60ff5ddb53446c2', '6a1e7c7cfd14285962c9c740', '6a1e7c7bfd14285962c9c729', '6a1e817ffd14285962c9c773', '6a1e817ffd14285962c9c774', '6a1e817ffd14285962c9c75e', '6a1e7c7cfd14285962c9c73e', '6a1e7c7bfd14285962c9c730', '6a1bbf007a63070ffd51f2ae', '6a1534a2f60ff5ddb53446bd', '6a1e7c7bfd14285962c9c736', '6a1e7c7cfd14285962c9c73f', '6a1e83f9985f81fb3e28a97a', '6a1e7c7bfd14285962c9c727', '6a1e83f9985f81fb3e28a99d', '6a1e83f9985f81fb3e28a994', '6a1bbf007a63070ffd51f2ac', '6a1bbf007a63070ffd51f289', '6a1e7c7bfd14285962c9c734', '6a1e817ffd14285962c9c74f', '6a1e817ffd14285962c9c754', '6a1e83f9985f81fb3e28a993', '6a1e83f9985f81fb3e28a997', '6a1bbf007a63070ffd51f2aa', '6a1e7c7bfd14285962c9c726', '6a1e83f9985f81fb3e28a98a', '6a1e817ffd14285962c9c76f', '6a1e7c7bfd14285962c9c72c', '6a1bbf007a63070ffd51f287', '6a1e7c7bfd14285962c9c731', '6a1e817ffd14285962c9c768', '6a1534a2f60ff5ddb53446b9', '6a1e817ffd14285962c9c76d', '6a1e83f9985f81fb3e28a992', '6a1e83f9985f81fb3e28a987', '6a1bbf007a63070ffd51f292', '6a1e7c7bfd14285962c9c724', '6a1e7c7bfd14285962c9c738', '6a1e7c7cfd14285962c9c73c', '6a1e83f9985f81fb3e28a979', '6a1e7c7bfd14285962c9c737', '6a1e7c7bfd14285962c9c72b', '6a1e83f9985f81fb3e28a982', '6a1bbf007a63070ffd51f29a', '6a1e83f9985f81fb3e28a998', '6a1e817ffd14285962c9c751', '6a1e7c7bfd14285962c9c732', '6a1bbf007a63070ffd51f291', '6a1bbf007a63070ffd51f2a9', '6a1bbf007a63070ffd51f2a6', '6a1e7c7cfd14285962c9c745', '6a1e7c7bfd14285962c9c739', '6a1e83f9985f81fb3e28a978', '6a1e7c7bfd14285962c9c728', '6a1e817ffd14285962c9c76a', '6a1bbf007a63070ffd51f29c', '6a1e83f9985f81fb3e28a98c', '6a1e83f9985f81fb3e28a999', '6a1e83f9985f81fb3e28a98e', '6a1e83f9985f81fb3e28a984', '6a1e817ffd14285962c9c762', '6a14931c7bb043acdbeb3091', '6a1e7c7cfd14285962c9c746', '6a1e817ffd14285962c9c763', '6a1e817ffd14285962c9c75c', '6a1bbf007a63070ffd51f2a1', '6a14931c7bb043acdbeb3092', '6a1e83f9985f81fb3e28a983', '6a1e7c7cfd14285962c9c747', '6a1bbf007a63070ffd51f28e', '6a1bbf007a63070ffd51f29e', '6a1bbf007a63070ffd51f294', '6a1e7c7cfd14285962c9c73b', '6a1e817ffd14285962c9c771', '6a1bbf007a63070ffd51f2a3', '6a1bbf007a63070ffd51f28d', '6a1e817ffd14285962c9c76b', '6a1e7c7bfd14285962c9c725', '6a1e83f9985f81fb3e28a97d', '6a1e7c7bfd14285962c9c73a', '6a1e817ffd14285962c9c758', '6a1bbf007a63070ffd51f2ab', '6a1bbf007a63070ffd51f2a8', '6a1e83f9985f81fb3e28a990', '6a1e7c7cfd14285962c9c742', '6a1e817ffd14285962c9c752', '6a1e83f9985f81fb3e28a989', '6a1e817ffd14285962c9c769', '6a1533aaa8a8edca581d3081', '6a1bbf007a63070ffd51f2ad', '6a1e7c7bfd14285962c9c735', '6a1bbf007a63070ffd51f29b', '6a1bbf007a63070ffd51f29f', '6a1e817ffd14285962c9c750', '6a1e817ffd14285962c9c75a', '6a1e83f9985f81fb3e28a97e', '6a1e83f9985f81fb3e28a98f', '6a1bbf007a63070ffd51f296', '6a1534a2f60ff5ddb53446c1', '6a1e817ffd14285962c9c760', '6a1bbf007a63070ffd51f2a7', '6a1e817ffd14285962c9c753', '6a1e817ffd14285962c9c767', '6a1e817ffd14285962c9c765', '6a1bbf007a63070ffd51f28a', '6a1e83f9985f81fb3e28a99b', '6a1bbf007a63070ffd51f2a2', '6a1e817ffd14285962c9c755', '6a1e83f9985f81fb3e28a98d', '6a1e817ffd14285962c9c74d', '6a1e817ffd14285962c9c76c', '6a1e7c7cfd14285962c9c741', '6a1534a2f60ff5ddb53446c0', '6a1e7c7cfd14285962c9c73d', '6a1534a2f60ff5ddb53446bb', '6a1e817ffd14285962c9c757', '6a1e83f9985f81fb3e28a985', '6a1e7c7cfd14285962c9c743', '6a1bbf007a63070ffd51f295', '6a1bbf007a63070ffd51f298', '6a1e817ffd14285962c9c759', '6a1bbf007a63070ffd51f2a4', '6a1e83f9985f81fb3e28a996', '6a1bbf007a63070ffd51f29d', '6a1e83f9985f81fb3e28a995']
DB documents found: 40
First DB doc: {'event_id': '6a1e83f0985f81fb3e28a977', 's3_url': '/static/6a1e83f0985f81fb3e28a977_20260602071921_WIN_20260525_13_55_44_Pro - Copy - Copy.jpg', 'folder_name': 'General', 'uploaded_by': 'mock_admin_123', 'uploaded_at': '2026-06-02 07:19:21.715821', 'is_processed': True, 'filename': 'WIN_20260525_13_55_44_Pro - Copy - Copy.jpg', '_id': '6a1e83f9985f81fb3e28a978', 'faces_detected': 1, 'blur_score': 144.50138020409477, 'emotions': {'dominant_emotion': 'happy'}, 'captions': None}

--- MATCH FACE CALLED for event 6a1e83f0985f81fb3e28a977 ---
Selfie filename: WIN_20260525_13_55_44_Pro - Copy - Copy.jpg
Faces detected in selfie: 1
FAISS matched IDs: ['6a1533aaa8a8edca581d3080', '6a1534a2f60ff5ddb53446bc', '6a1e83f9985f81fb3e28a980', '6a1e83f9985f81fb3e28a97c', '6a1e817ffd14285962c9c76e', '6a1534a2f60ff5ddb53446ba', '6a1e7c7cfd14285962c9c74b', '6a1e7c7cfd14285962c9c744', '6a1bbf007a63070ffd51f299', '6a1e83f9985f81fb3e28a99f', '6a1bbf007a63070ffd51f293', '6a1e817ffd14285962c9c75b', '6a1e83f9985f81fb3e28a97b', '6a1e7c7bfd14285962c9c72a', '6a1534a2f60ff5ddb53446bf', '6a1bbf007a63070ffd51f290', '6a1bbf007a63070ffd51f288', '6a1e817ffd14285962c9c756', '6a1e817ffd14285962c9c75d', '6a1e83f9985f81fb3e28a97f', '6a1e7c7cfd14285962c9c749', '6a1e83f9985f81fb3e28a988', '6a1e83f9985f81fb3e28a98b', '6a1e817ffd14285962c9c75f', '6a1bbf007a63070ffd51f28c', '6a1e83f9985f81fb3e28a981', '6a1bbf007a63070ffd51f28f', '6a1e7c7bfd14285962c9c72f', '6a1e83f9985f81fb3e28a991', '6a1534a2f60ff5ddb53446be', '6a1e817ffd14285962c9c766', '6a1533aaa8a8edca581d3082', '6a1e817ffd14285962c9c761', '6a1e817ffd14285962c9c764', '6a1e817ffd14285962c9c770', '6a1e817ffd14285962c9c772', '6a1bbf007a63070ffd51f2a5', '6a1e7c7bfd14285962c9c72e', '6a1e7c7bfd14285962c9c733', '6a1e83f9985f81fb3e28a99c', '6a1bbf007a63070ffd51f28b', '6a1e7c7cfd14285962c9c748', '6a1e83f9985f81fb3e28a986', '6a1bbf007a63070ffd51f297', '6a1e83f9985f81fb3e28a99e', '6a1e817ffd14285962c9c74e', '6a1bbf007a63070ffd51f2a0', '6a1e7c7bfd14285962c9c72d', '6a1e83f9985f81fb3e28a99a', '6a1e7c7bfd14285962c9c729', '6a1534a2f60ff5ddb53446c2', '6a1e7c7cfd14285962c9c74a', '6a1e7c7cfd14285962c9c740', '6a1e817ffd14285962c9c773', '6a1e817ffd14285962c9c774', '6a1e817ffd14285962c9c75e', '6a1e7c7cfd14285962c9c73e', '6a1e7c7bfd14285962c9c730', '6a1bbf007a63070ffd51f2ae', '6a1534a2f60ff5ddb53446bd', '6a1e7c7bfd14285962c9c736', '6a1e7c7cfd14285962c9c73f', '6a1e83f9985f81fb3e28a97a', '6a1e7c7bfd14285962c9c727', '6a1e83f9985f81fb3e28a99d', '6a1e83f9985f81fb3e28a994', '6a1bbf007a63070ffd51f2ac', '6a1bbf007a63070ffd51f289', '6a1e7c7bfd14285962c9c734', '6a1e817ffd14285962c9c74f', '6a1e817ffd14285962c9c754', '6a1e83f9985f81fb3e28a993', '6a1e83f9985f81fb3e28a997', '6a1bbf007a63070ffd51f2aa', '6a1e7c7bfd14285962c9c726', '6a1e83f9985f81fb3e28a98a', '6a1e817ffd14285962c9c76f', '6a1e7c7bfd14285962c9c72c', '6a1bbf007a63070ffd51f287', '6a1534a2f60ff5ddb53446b9', '6a1e817ffd14285962c9c768', '6a1e7c7bfd14285962c9c731', '6a1e817ffd14285962c9c76d', '6a1e83f9985f81fb3e28a992', '6a1e83f9985f81fb3e28a987', '6a1bbf007a63070ffd51f292', '6a1e7c7bfd14285962c9c724', '6a1e7c7cfd14285962c9c73c', '6a1e7c7bfd14285962c9c738', '6a1e83f9985f81fb3e28a979', '6a1e7c7bfd14285962c9c737', '6a1e7c7bfd14285962c9c72b', '6a1e83f9985f81fb3e28a982', '6a1e817ffd14285962c9c751', '6a1e83f9985f81fb3e28a998', '6a1bbf007a63070ffd51f29a', '6a1bbf007a63070ffd51f291', '6a1bbf007a63070ffd51f2a9', '6a1e7c7bfd14285962c9c732', '6a1bbf007a63070ffd51f2a6', '6a1e7c7cfd14285962c9c745', '6a1e7c7bfd14285962c9c728', '6a1e83f9985f81fb3e28a978', '6a1e7c7bfd14285962c9c739', '6a1e817ffd14285962c9c76a', '6a1bbf007a63070ffd51f29c', '6a1e83f9985f81fb3e28a98c', '6a1e83f9985f81fb3e28a999', '6a1e83f9985f81fb3e28a98e', '6a1e83f9985f81fb3e28a984', '6a1e817ffd14285962c9c762', '6a14931c7bb043acdbeb3091', '6a1bbf007a63070ffd51f2a1', '6a1e7c7cfd14285962c9c746', '6a1e817ffd14285962c9c763', '6a1e817ffd14285962c9c75c', '6a14931c7bb043acdbeb3092', '6a1e83f9985f81fb3e28a983', '6a1e7c7cfd14285962c9c747', '6a1bbf007a63070ffd51f28e', '6a1bbf007a63070ffd51f29e', '6a1bbf007a63070ffd51f294', '6a1e7c7cfd14285962c9c73b', '6a1e817ffd14285962c9c771', '6a1bbf007a63070ffd51f2a3', '6a1bbf007a63070ffd51f28d', '6a1e7c7bfd14285962c9c725', '6a1e817ffd14285962c9c76b', '6a1e83f9985f81fb3e28a97d', '6a1e7c7bfd14285962c9c73a', '6a1e817ffd14285962c9c758', '6a1bbf007a63070ffd51f2ab', '6a1bbf007a63070ffd51f2a8', '6a1e83f9985f81fb3e28a990', '6a1e817ffd14285962c9c752', '6a1e7c7cfd14285962c9c742', '6a1e83f9985f81fb3e28a989', '6a1e817ffd14285962c9c769', '6a1533aaa8a8edca581d3081', '6a1bbf007a63070ffd51f29b', '6a1e7c7bfd14285962c9c735', '6a1bbf007a63070ffd51f2ad', '6a1bbf007a63070ffd51f29f', '6a1e817ffd14285962c9c750', '6a1e817ffd14285962c9c75a', '6a1e83f9985f81fb3e28a97e', '6a1e83f9985f81fb3e28a98f', '6a1bbf007a63070ffd51f296', '6a1534a2f60ff5ddb53446c1', '6a1e817ffd14285962c9c760', '6a1e817ffd14285962c9c753', '6a1bbf007a63070ffd51f2a7', '6a1e817ffd14285962c9c767', '6a1e817ffd14285962c9c765', '6a1bbf007a63070ffd51f28a', '6a1e83f9985f81fb3e28a99b', '6a1bbf007a63070ffd51f2a2', '6a1e817ffd14285962c9c755', '6a1e83f9985f81fb3e28a98d', '6a1e817ffd14285962c9c74d', '6a1e817ffd14285962c9c76c', '6a1e7c7cfd14285962c9c741', '6a1534a2f60ff5ddb53446c0', '6a1e7c7cfd14285962c9c73d', '6a1534a2f60ff5ddb53446bb', '6a1e817ffd14285962c9c757', '6a1e83f9985f81fb3e28a985', '6a1e7c7cfd14285962c9c743', '6a1bbf007a63070ffd51f295', '6a1bbf007a63070ffd51f298', '6a1e817ffd14285962c9c759', '6a1bbf007a63070ffd51f2a4', '6a1e83f9985f81fb3e28a996', '6a1bbf007a63070ffd51f29d', '6a1e83f9985f81fb3e28a995']
DB documents found: 40
First DB doc: {'event_id': '6a1e83f0985f81fb3e28a977', 's3_url': '/static/6a1e83f0985f81fb3e28a977_20260602071921_WIN_20260525_13_55_44_Pro - Copy - Copy.jpg', 'folder_name': 'General', 'uploaded_by': 'mock_admin_123', 'uploaded_at': '2026-06-02 07:19:21.715821', 'is_processed': True, 'filename': 'WIN_20260525_13_55_44_Pro - Copy - Copy.jpg', '_id': '6a1e83f9985f81fb3e28a978', 'faces_detected': 1, 'blur_score': 144.50138020409477, 'emotions': {'dominant_emotion': 'happy'}, 'captions': None}

--- MATCH FACE CALLED for event 6a1e83f0985f81fb3e28a977 ---
Selfie filename: 17803921762463697132706463236995.jpg
Faces detected in selfie: 1
FAISS matched IDs: ['6a1533aaa8a8edca581d3080', '6a1534a2f60ff5ddb53446bc', '6a1e83f9985f81fb3e28a980', '6a1e83f9985f81fb3e28a97c', '6a1e817ffd14285962c9c76e', '6a1534a2f60ff5ddb53446ba', '6a1e7c7cfd14285962c9c74b', '6a1e7c7cfd14285962c9c744', '6a1bbf007a63070ffd51f299', '6a1e83f9985f81fb3e28a99f', '6a1bbf007a63070ffd51f293', '6a1e817ffd14285962c9c75b', '6a1e83f9985f81fb3e28a97b', '6a1e817ffd14285962c9c75d', '6a1bbf007a63070ffd51f290', '6a1e817ffd14285962c9c756', '6a1bbf007a63070ffd51f288', '6a1534a2f60ff5ddb53446bf', '6a1e7c7bfd14285962c9c72a', '6a1e83f9985f81fb3e28a97f', '6a1e7c7cfd14285962c9c749', '6a1e83f9985f81fb3e28a988', '6a1e83f9985f81fb3e28a98b', '6a1e817ffd14285962c9c75f', '6a1e83f9985f81fb3e28a981', '6a1bbf007a63070ffd51f28c', '6a1bbf007a63070ffd51f28f', '6a1e7c7bfd14285962c9c72f', '6a1534a2f60ff5ddb53446be', '6a1e817ffd14285962c9c761', '6a1533aaa8a8edca581d3082', '6a1e817ffd14285962c9c764', '6a1e817ffd14285962c9c766', '6a1e83f9985f81fb3e28a991', '6a1e817ffd14285962c9c770', '6a1e817ffd14285962c9c772', '6a1bbf007a63070ffd51f2a5', '6a1e7c7bfd14285962c9c72e', '6a1e7c7bfd14285962c9c733', '6a1e83f9985f81fb3e28a99c', '6a1bbf007a63070ffd51f28b', '6a1e7c7cfd14285962c9c748', '6a1e83f9985f81fb3e28a986', '6a1bbf007a63070ffd51f297', '6a1e83f9985f81fb3e28a99e', '6a1e817ffd14285962c9c74e', '6a1bbf007a63070ffd51f2a0', '6a1e7c7bfd14285962c9c72d', '6a1e83f9985f81fb3e28a99a', '6a1534a2f60ff5ddb53446c2', '6a1e7c7cfd14285962c9c740', '6a1e7c7cfd14285962c9c74a', '6a1e7c7bfd14285962c9c729', '6a1e817ffd14285962c9c773', '6a1e817ffd14285962c9c774', '6a1e817ffd14285962c9c75e', '6a1e7c7cfd14285962c9c73e', '6a1e7c7bfd14285962c9c730', '6a1bbf007a63070ffd51f2ae', '6a1534a2f60ff5ddb53446bd', '6a1e7c7bfd14285962c9c736', '6a1e7c7cfd14285962c9c73f', '6a1e83f9985f81fb3e28a97a', '6a1e7c7bfd14285962c9c727', '6a1e83f9985f81fb3e28a99d', '6a1e83f9985f81fb3e28a994', '6a1bbf007a63070ffd51f2ac', '6a1bbf007a63070ffd51f289', '6a1e7c7bfd14285962c9c734', '6a1e817ffd14285962c9c74f', '6a1e817ffd14285962c9c754', '6a1e83f9985f81fb3e28a993', '6a1e83f9985f81fb3e28a997', '6a1bbf007a63070ffd51f2aa', '6a1e7c7bfd14285962c9c726', '6a1e83f9985f81fb3e28a98a', '6a1e817ffd14285962c9c76f', '6a1e7c7bfd14285962c9c72c', '6a1bbf007a63070ffd51f287', '6a1534a2f60ff5ddb53446b9', '6a1e7c7bfd14285962c9c731', '6a1e817ffd14285962c9c768', '6a1e817ffd14285962c9c76d', '6a1e83f9985f81fb3e28a992', '6a1e83f9985f81fb3e28a987', '6a1bbf007a63070ffd51f292', '6a1e7c7bfd14285962c9c724', '6a1e7c7bfd14285962c9c738', '6a1e7c7cfd14285962c9c73c', '6a1e83f9985f81fb3e28a979', '6a1e7c7bfd14285962c9c737', '6a1e7c7bfd14285962c9c72b', '6a1e83f9985f81fb3e28a982', '6a1e83f9985f81fb3e28a998', '6a1bbf007a63070ffd51f29a', '6a1e817ffd14285962c9c751', '6a1e7c7bfd14285962c9c732', '6a1bbf007a63070ffd51f2a9', '6a1bbf007a63070ffd51f291', '6a1bbf007a63070ffd51f2a6', '6a1e7c7cfd14285962c9c745', '6a1e7c7bfd14285962c9c739', '6a1e83f9985f81fb3e28a978', '6a1e7c7bfd14285962c9c728', '6a1e817ffd14285962c9c76a', '6a1bbf007a63070ffd51f29c', '6a1e83f9985f81fb3e28a98c', '6a1e83f9985f81fb3e28a999', '6a1e83f9985f81fb3e28a98e', '6a1e83f9985f81fb3e28a984', '6a1e817ffd14285962c9c762', '6a14931c7bb043acdbeb3091', '6a1e7c7cfd14285962c9c746', '6a1e817ffd14285962c9c763', '6a1e817ffd14285962c9c75c', '6a1bbf007a63070ffd51f2a1', '6a14931c7bb043acdbeb3092', '6a1e83f9985f81fb3e28a983', '6a1e7c7cfd14285962c9c747', '6a1bbf007a63070ffd51f28e', '6a1bbf007a63070ffd51f29e', '6a1bbf007a63070ffd51f294', '6a1e7c7cfd14285962c9c73b', '6a1e817ffd14285962c9c771', '6a1bbf007a63070ffd51f2a3', '6a1bbf007a63070ffd51f28d', '6a1e7c7bfd14285962c9c725', '6a1e817ffd14285962c9c76b', '6a1e83f9985f81fb3e28a97d', '6a1e7c7bfd14285962c9c73a', '6a1e817ffd14285962c9c758', '6a1bbf007a63070ffd51f2ab', '6a1bbf007a63070ffd51f2a8', '6a1e7c7cfd14285962c9c742', '6a1e83f9985f81fb3e28a990', '6a1e817ffd14285962c9c752', '6a1e83f9985f81fb3e28a989', '6a1e817ffd14285962c9c769', '6a1533aaa8a8edca581d3081', '6a1bbf007a63070ffd51f29b', '6a1e7c7bfd14285962c9c735', '6a1bbf007a63070ffd51f2ad', '6a1bbf007a63070ffd51f29f', '6a1e817ffd14285962c9c750', '6a1e817ffd14285962c9c75a', '6a1e83f9985f81fb3e28a97e', '6a1e83f9985f81fb3e28a98f', '6a1bbf007a63070ffd51f296', '6a1534a2f60ff5ddb53446c1', '6a1e817ffd14285962c9c760', '6a1bbf007a63070ffd51f2a7', '6a1e817ffd14285962c9c753', '6a1e817ffd14285962c9c767', '6a1e817ffd14285962c9c765', '6a1bbf007a63070ffd51f28a', '6a1e83f9985f81fb3e28a99b', '6a1bbf007a63070ffd51f2a2', '6a1e817ffd14285962c9c755', '6a1e83f9985f81fb3e28a98d', '6a1e817ffd14285962c9c74d', '6a1e817ffd14285962c9c76c', '6a1e7c7cfd14285962c9c741', '6a1534a2f60ff5ddb53446c0', '6a1e7c7cfd14285962c9c73d', '6a1534a2f60ff5ddb53446bb', '6a1e817ffd14285962c9c757', '6a1e83f9985f81fb3e28a985', '6a1e7c7cfd14285962c9c743', '6a1bbf007a63070ffd51f295', '6a1bbf007a63070ffd51f298', '6a1e817ffd14285962c9c759', '6a1bbf007a63070ffd51f2a4', '6a1e83f9985f81fb3e28a996', '6a1bbf007a63070ffd51f29d', '6a1e83f9985f81fb3e28a995']
DB documents found: 40
First DB doc: {'event_id': '6a1e83f0985f81fb3e28a977', 's3_url': '/static/6a1e83f0985f81fb3e28a977_20260602071921_WIN_20260525_13_55_44_Pro - Copy - Copy.jpg', 'folder_name': 'General', 'uploaded_by': 'mock_admin_123', 'uploaded_at': '2026-06-02 07:19:21.715821', 'is_processed': True, 'filename': 'WIN_20260525_13_55_44_Pro - Copy - Copy.jpg', '_id': '6a1e83f9985f81fb3e28a978', 'faces_detected': 1, 'blur_score': 144.50138020409477, 'emotions': {'dominant_emotion': 'happy'}, 'captions': None}

--- MATCH FACE CALLED for event 1 ---
Selfie filename: 17803924717387120034737562725426.jpg
Faces detected in selfie: 1
FAISS matched IDs: ['6a1533aaa8a8edca581d3080', '6a1534a2f60ff5ddb53446bc', '6a1e83f9985f81fb3e28a980', '6a1e83f9985f81fb3e28a97c', '6a1e817ffd14285962c9c76e', '6a1534a2f60ff5ddb53446ba', '6a1e7c7cfd14285962c9c74b', '6a1e7c7cfd14285962c9c744', '6a1bbf007a63070ffd51f299', '6a1e83f9985f81fb3e28a99f', '6a1bbf007a63070ffd51f293', '6a1e817ffd14285962c9c75b', '6a1e83f9985f81fb3e28a97b', '6a1e817ffd14285962c9c75d', '6a1534a2f60ff5ddb53446bf', '6a1e7c7bfd14285962c9c72a', '6a1bbf007a63070ffd51f288', '6a1bbf007a63070ffd51f290', '6a1e817ffd14285962c9c756', '6a1e83f9985f81fb3e28a97f', '6a1e7c7cfd14285962c9c749', '6a1e83f9985f81fb3e28a988', '6a1e83f9985f81fb3e28a98b', '6a1e817ffd14285962c9c75f', '6a1bbf007a63070ffd51f28c', '6a1e83f9985f81fb3e28a981', '6a1bbf007a63070ffd51f28f', '6a1e7c7bfd14285962c9c72f', '6a1534a2f60ff5ddb53446be', '6a1e817ffd14285962c9c761', '6a1e817ffd14285962c9c766', '6a1e817ffd14285962c9c764', '6a1e817ffd14285962c9c770', '6a1e83f9985f81fb3e28a991', '6a1533aaa8a8edca581d3082', '6a1e817ffd14285962c9c772', '6a1bbf007a63070ffd51f2a5', '6a1e7c7bfd14285962c9c72e', '6a1e7c7bfd14285962c9c733', '6a1e83f9985f81fb3e28a99c', '6a1bbf007a63070ffd51f28b', '6a1e7c7cfd14285962c9c748', '6a1e83f9985f81fb3e28a986', '6a1bbf007a63070ffd51f297', '6a1e83f9985f81fb3e28a99e', '6a1e817ffd14285962c9c74e', '6a1bbf007a63070ffd51f2a0', '6a1e7c7bfd14285962c9c72d', '6a1e83f9985f81fb3e28a99a', '6a1e7c7cfd14285962c9c74a', '6a1534a2f60ff5ddb53446c2', '6a1e7c7cfd14285962c9c740', '6a1e7c7bfd14285962c9c729', '6a1e817ffd14285962c9c773', '6a1e817ffd14285962c9c774', '6a1e817ffd14285962c9c75e', '6a1e7c7cfd14285962c9c73e', '6a1e7c7bfd14285962c9c730', '6a1bbf007a63070ffd51f2ae', '6a1534a2f60ff5ddb53446bd', '6a1e7c7bfd14285962c9c736', '6a1e7c7cfd14285962c9c73f', '6a1e83f9985f81fb3e28a97a', '6a1e7c7bfd14285962c9c727', '6a1e83f9985f81fb3e28a99d', '6a1e83f9985f81fb3e28a994', '6a1bbf007a63070ffd51f2ac', '6a1bbf007a63070ffd51f289', '6a1e7c7bfd14285962c9c734', '6a1e817ffd14285962c9c74f', '6a1e817ffd14285962c9c754', '6a1e83f9985f81fb3e28a993', '6a1e83f9985f81fb3e28a997', '6a1bbf007a63070ffd51f2aa', '6a1e7c7bfd14285962c9c726', '6a1e83f9985f81fb3e28a98a', '6a1e817ffd14285962c9c76f', '6a1e7c7bfd14285962c9c72c', '6a1bbf007a63070ffd51f287', '6a1e7c7bfd14285962c9c731', '6a1534a2f60ff5ddb53446b9', '6a1e817ffd14285962c9c768', '6a1e817ffd14285962c9c76d', '6a1e83f9985f81fb3e28a992', '6a1e83f9985f81fb3e28a987', '6a1bbf007a63070ffd51f292', '6a1e7c7bfd14285962c9c724', '6a1e7c7bfd14285962c9c738', '6a1e7c7cfd14285962c9c73c', '6a1e83f9985f81fb3e28a979', '6a1e7c7bfd14285962c9c737', '6a1e7c7bfd14285962c9c72b', '6a1e83f9985f81fb3e28a982', '6a1e83f9985f81fb3e28a998', '6a1bbf007a63070ffd51f29a', '6a1e817ffd14285962c9c751', '6a1bbf007a63070ffd51f2a9', '6a1e7c7bfd14285962c9c732', '6a1bbf007a63070ffd51f291', '6a1bbf007a63070ffd51f2a6', '6a1e7c7cfd14285962c9c745', '6a1e7c7bfd14285962c9c739', '6a1e83f9985f81fb3e28a978', '6a1e7c7bfd14285962c9c728', '6a1e817ffd14285962c9c76a', '6a1bbf007a63070ffd51f29c', '6a1e83f9985f81fb3e28a98c', '6a1e83f9985f81fb3e28a999', '6a1e83f9985f81fb3e28a98e', '6a1e83f9985f81fb3e28a984', '6a1e817ffd14285962c9c762', '6a14931c7bb043acdbeb3091', '6a1e7c7cfd14285962c9c746', '6a1e817ffd14285962c9c763', '6a1e817ffd14285962c9c75c', '6a1bbf007a63070ffd51f2a1', '6a14931c7bb043acdbeb3092', '6a1e83f9985f81fb3e28a983', '6a1e7c7cfd14285962c9c747', '6a1bbf007a63070ffd51f28e', '6a1bbf007a63070ffd51f29e', '6a1bbf007a63070ffd51f294', '6a1e7c7cfd14285962c9c73b', '6a1e817ffd14285962c9c771', '6a1bbf007a63070ffd51f2a3', '6a1bbf007a63070ffd51f28d', '6a1e7c7bfd14285962c9c725', '6a1e817ffd14285962c9c76b', '6a1e83f9985f81fb3e28a97d', '6a1e7c7bfd14285962c9c73a', '6a1e817ffd14285962c9c758', '6a1bbf007a63070ffd51f2ab', '6a1bbf007a63070ffd51f2a8', '6a1e83f9985f81fb3e28a990', '6a1e7c7cfd14285962c9c742', '6a1e817ffd14285962c9c752', '6a1e83f9985f81fb3e28a989', '6a1e817ffd14285962c9c769', '6a1533aaa8a8edca581d3081', '6a1bbf007a63070ffd51f2ad', '6a1bbf007a63070ffd51f29b', '6a1e7c7bfd14285962c9c735', '6a1bbf007a63070ffd51f29f', '6a1e817ffd14285962c9c750', '6a1e817ffd14285962c9c75a', '6a1e83f9985f81fb3e28a97e', '6a1e83f9985f81fb3e28a98f', '6a1bbf007a63070ffd51f296', '6a1534a2f60ff5ddb53446c1', '6a1e817ffd14285962c9c760', '6a1bbf007a63070ffd51f2a7', '6a1e817ffd14285962c9c753', '6a1e817ffd14285962c9c767', '6a1e817ffd14285962c9c765', '6a1bbf007a63070ffd51f28a', '6a1e83f9985f81fb3e28a99b', '6a1bbf007a63070ffd51f2a2', '6a1e817ffd14285962c9c755', '6a1e83f9985f81fb3e28a98d', '6a1e817ffd14285962c9c74d', '6a1e817ffd14285962c9c76c', '6a1e7c7cfd14285962c9c741', '6a1534a2f60ff5ddb53446c0', '6a1e7c7cfd14285962c9c73d', '6a1e7c7cfd14285962c9c743', '6a1534a2f60ff5ddb53446bb', '6a1e83f9985f81fb3e28a985', '6a1e817ffd14285962c9c757', '6a1bbf007a63070ffd51f295', '6a1bbf007a63070ffd51f298', '6a1e817ffd14285962c9c759', '6a1bbf007a63070ffd51f2a4', '6a1e83f9985f81fb3e28a996', '6a1bbf007a63070ffd51f29d', '6a1e83f9985f81fb3e28a995']
DB documents found: 0

--- UPLOAD CALLED for event 6a1fc84d6950e2d9dbd01eb1 ---
Uploaded filename: 6a1fc84d6950e2d9dbd01eb1_20260603062324_WIN_20260525_13_55_44_Pro - Copy - Copy.jpg
Assigned DB _id: 6a1fc85c6950e2d9dbd01eb2

--- UPLOAD CALLED for event 6a1fc84d6950e2d9dbd01eb1 ---
Uploaded filename: 6a1fc84d6950e2d9dbd01eb1_20260603062324_WIN_20260525_13_55_44_Pro - Copy (2).jpg
Assigned DB _id: 6a1fc85c6950e2d9dbd01eb3

--- UPLOAD CALLED for event 6a1fc84d6950e2d9dbd01eb1 ---
Uploaded filename: 6a1fc84d6950e2d9dbd01eb1_20260603062324_WIN_20260525_13_55_44_Pro - Copy.jpg
Assigned DB _id: 6a1fc85c6950e2d9dbd01eb4

--- UPLOAD CALLED for event 6a1fc84d6950e2d9dbd01eb1 ---
Uploaded filename: 6a1fc84d6950e2d9dbd01eb1_20260603062324_WIN_20260525_13_55_44_Pro.jpg
Assigned DB _id: 6a1fc85c6950e2d9dbd01eb5

--- UPLOAD CALLED for event 6a1fc84d6950e2d9dbd01eb1 ---
Uploaded filename: 6a1fc84d6950e2d9dbd01eb1_20260603062324_WIN_20260525_13_55_48_Pro - Copy - Copy.jpg
Assigned DB _id: 6a1fc85c6950e2d9dbd01eb6

--- UPLOAD CALLED for event 6a1fc84d6950e2d9dbd01eb1 ---
Uploaded filename: 6a1fc84d6950e2d9dbd01eb1_20260603062324_WIN_20260525_13_55_48_Pro - Copy (2).jpg
Assigned DB _id: 6a1fc85c6950e2d9dbd01eb7

--- UPLOAD CALLED for event 6a1fc84d6950e2d9dbd01eb1 ---
Uploaded filename: 6a1fc84d6950e2d9dbd01eb1_20260603062324_WIN_20260525_13_55_48_Pro - Copy.jpg
Assigned DB _id: 6a1fc85c6950e2d9dbd01eb8

--- UPLOAD CALLED for event 6a1fc84d6950e2d9dbd01eb1 ---
Uploaded filename: 6a1fc84d6950e2d9dbd01eb1_20260603062324_WIN_20260525_13_55_48_Pro.jpg
Assigned DB _id: 6a1fc85c6950e2d9dbd01eb9

--- UPLOAD CALLED for event 6a1fc84d6950e2d9dbd01eb1 ---
Uploaded filename: 6a1fc84d6950e2d9dbd01eb1_20260603062324_WIN_20260525_13_55_50_Pro - Copy - Copy.jpg
Assigned DB _id: 6a1fc85c6950e2d9dbd01eba

--- UPLOAD CALLED for event 6a1fc84d6950e2d9dbd01eb1 ---
Uploaded filename: 6a1fc84d6950e2d9dbd01eb1_20260603062324_WIN_20260525_13_55_50_Pro - Copy (2).jpg
Assigned DB _id: 6a1fc85c6950e2d9dbd01ebb

--- UPLOAD CALLED for event 6a1fc84d6950e2d9dbd01eb1 ---
Uploaded filename: 6a1fc84d6950e2d9dbd01eb1_20260603062324_WIN_20260525_13_55_50_Pro - Copy.jpg
Assigned DB _id: 6a1fc85c6950e2d9dbd01ebc

--- UPLOAD CALLED for event 6a1fc84d6950e2d9dbd01eb1 ---
Uploaded filename: 6a1fc84d6950e2d9dbd01eb1_20260603062324_WIN_20260525_13_55_50_Pro.jpg
Assigned DB _id: 6a1fc85c6950e2d9dbd01ebd

--- UPLOAD CALLED for event 6a1fc84d6950e2d9dbd01eb1 ---
Uploaded filename: 6a1fc84d6950e2d9dbd01eb1_20260603062324_WIN_20260526_11_18_45_Pro - Copy - Copy.jpg
Assigned DB _id: 6a1fc85c6950e2d9dbd01ebe

--- UPLOAD CALLED for event 6a1fc84d6950e2d9dbd01eb1 ---
Uploaded filename: 6a1fc84d6950e2d9dbd01eb1_20260603062324_WIN_20260526_11_18_45_Pro - Copy (2).jpg
Assigned DB _id: 6a1fc85c6950e2d9dbd01ebf

--- UPLOAD CALLED for event 6a1fc84d6950e2d9dbd01eb1 ---
Uploaded filename: 6a1fc84d6950e2d9dbd01eb1_20260603062324_WIN_20260526_11_18_45_Pro - Copy.jpg
Assigned DB _id: 6a1fc85c6950e2d9dbd01ec0

--- UPLOAD CALLED for event 6a1fc84d6950e2d9dbd01eb1 ---
Uploaded filename: 6a1fc84d6950e2d9dbd01eb1_20260603062324_WIN_20260526_11_18_45_Pro.jpg
Assigned DB _id: 6a1fc85c6950e2d9dbd01ec1

--- UPLOAD CALLED for event 6a1fc84d6950e2d9dbd01eb1 ---
Uploaded filename: 6a1fc84d6950e2d9dbd01eb1_20260603062324_WIN_20260526_11_18_46_Pro - Copy - Copy.jpg
Assigned DB _id: 6a1fc85c6950e2d9dbd01ec2

--- UPLOAD CALLED for event 6a1fc84d6950e2d9dbd01eb1 ---
Uploaded filename: 6a1fc84d6950e2d9dbd01eb1_20260603062324_WIN_20260526_11_18_46_Pro - Copy (2).jpg
Assigned DB _id: 6a1fc85c6950e2d9dbd01ec3

--- UPLOAD CALLED for event 6a1fc84d6950e2d9dbd01eb1 ---
Uploaded filename: 6a1fc84d6950e2d9dbd01eb1_20260603062324_WIN_20260526_11_18_46_Pro - Copy.jpg
Assigned DB _id: 6a1fc85c6950e2d9dbd01ec4

--- UPLOAD CALLED for event 6a1fc84d6950e2d9dbd01eb1 ---
Uploaded filename: 6a1fc84d6950e2d9dbd01eb1_20260603062324_WIN_20260526_11_18_46_Pro.jpg
Assigned DB _id: 6a1fc85c6950e2d9dbd01ec5

--- UPLOAD CALLED for event 6a1fc84d6950e2d9dbd01eb1 ---
Uploaded filename: 6a1fc84d6950e2d9dbd01eb1_20260603062324_WIN_20260526_11_18_47_Pro - Copy - Copy.jpg
Assigned DB _id: 6a1fc85c6950e2d9dbd01ec6

--- UPLOAD CALLED for event 6a1fc84d6950e2d9dbd01eb1 ---
Uploaded filename: 6a1fc84d6950e2d9dbd01eb1_20260603062324_WIN_20260526_11_18_47_Pro - Copy (2).jpg
Assigned DB _id: 6a1fc85c6950e2d9dbd01ec7

--- UPLOAD CALLED for event 6a1fc84d6950e2d9dbd01eb1 ---
Uploaded filename: 6a1fc84d6950e2d9dbd01eb1_20260603062324_WIN_20260526_11_18_47_Pro - Copy.jpg
Assigned DB _id: 6a1fc85c6950e2d9dbd01ec8

--- UPLOAD CALLED for event 6a1fc84d6950e2d9dbd01eb1 ---
Uploaded filename: 6a1fc84d6950e2d9dbd01eb1_20260603062324_WIN_20260526_11_18_47_Pro.jpg
Assigned DB _id: 6a1fc85c6950e2d9dbd01ec9

--- UPLOAD CALLED for event 6a1fc84d6950e2d9dbd01eb1 ---
Uploaded filename: 6a1fc84d6950e2d9dbd01eb1_20260603062324_WIN_20260526_11_18_48_Pro - Copy - Copy.jpg
Assigned DB _id: 6a1fc85c6950e2d9dbd01eca

--- UPLOAD CALLED for event 6a1fc84d6950e2d9dbd01eb1 ---
Uploaded filename: 6a1fc84d6950e2d9dbd01eb1_20260603062324_WIN_20260526_11_18_48_Pro - Copy (2).jpg
Assigned DB _id: 6a1fc85c6950e2d9dbd01ecb

--- UPLOAD CALLED for event 6a1fc84d6950e2d9dbd01eb1 ---
Uploaded filename: 6a1fc84d6950e2d9dbd01eb1_20260603062324_WIN_20260526_11_18_48_Pro - Copy.jpg
Assigned DB _id: 6a1fc85c6950e2d9dbd01ecc

--- UPLOAD CALLED for event 6a1fc84d6950e2d9dbd01eb1 ---
Uploaded filename: 6a1fc84d6950e2d9dbd01eb1_20260603062324_WIN_20260526_11_18_48_Pro.jpg
Assigned DB _id: 6a1fc85c6950e2d9dbd01ecd

--- UPLOAD CALLED for event 6a1fc84d6950e2d9dbd01eb1 ---
Uploaded filename: 6a1fc84d6950e2d9dbd01eb1_20260603062324_WIN_20260526_11_18_50_Pro - Copy - Copy.jpg
Assigned DB _id: 6a1fc85c6950e2d9dbd01ece

--- UPLOAD CALLED for event 6a1fc84d6950e2d9dbd01eb1 ---
Uploaded filename: 6a1fc84d6950e2d9dbd01eb1_20260603062324_WIN_20260526_11_18_50_Pro - Copy (2).jpg
Assigned DB _id: 6a1fc85c6950e2d9dbd01ecf

--- UPLOAD CALLED for event 6a1fc84d6950e2d9dbd01eb1 ---
Uploaded filename: 6a1fc84d6950e2d9dbd01eb1_20260603062324_WIN_20260526_11_18_50_Pro - Copy.jpg
Assigned DB _id: 6a1fc85c6950e2d9dbd01ed0

--- UPLOAD CALLED for event 6a1fc84d6950e2d9dbd01eb1 ---
Uploaded filename: 6a1fc84d6950e2d9dbd01eb1_20260603062324_WIN_20260526_11_18_50_Pro.jpg
Assigned DB _id: 6a1fc85c6950e2d9dbd01ed1

--- UPLOAD CALLED for event 6a1fc84d6950e2d9dbd01eb1 ---
Uploaded filename: 6a1fc84d6950e2d9dbd01eb1_20260603062324_WIN_20260526_11_18_52_Pro - Copy - Copy.jpg
Assigned DB _id: 6a1fc85c6950e2d9dbd01ed2

--- UPLOAD CALLED for event 6a1fc84d6950e2d9dbd01eb1 ---
Uploaded filename: 6a1fc84d6950e2d9dbd01eb1_20260603062324_WIN_20260526_11_18_52_Pro - Copy (2).jpg
Assigned DB _id: 6a1fc85c6950e2d9dbd01ed3

--- UPLOAD CALLED for event 6a1fc84d6950e2d9dbd01eb1 ---
Uploaded filename: 6a1fc84d6950e2d9dbd01eb1_20260603062324_WIN_20260526_11_18_52_Pro - Copy.jpg
Assigned DB _id: 6a1fc85c6950e2d9dbd01ed4

--- UPLOAD CALLED for event 6a1fc84d6950e2d9dbd01eb1 ---
Uploaded filename: 6a1fc84d6950e2d9dbd01eb1_20260603062324_WIN_20260526_11_18_52_Pro (2) - Copy - Copy.jpg
Assigned DB _id: 6a1fc85c6950e2d9dbd01ed5

--- UPLOAD CALLED for event 6a1fc84d6950e2d9dbd01eb1 ---
Uploaded filename: 6a1fc84d6950e2d9dbd01eb1_20260603062324_WIN_20260526_11_18_52_Pro (2) - Copy.jpg
Assigned DB _id: 6a1fc85c6950e2d9dbd01ed6

--- UPLOAD CALLED for event 6a1fc84d6950e2d9dbd01eb1 ---
Uploaded filename: 6a1fc84d6950e2d9dbd01eb1_20260603062324_WIN_20260526_11_18_52_Pro (2).jpg
Assigned DB _id: 6a1fc85c6950e2d9dbd01ed7

--- UPLOAD CALLED for event 6a1fc84d6950e2d9dbd01eb1 ---
Uploaded filename: 6a1fc84d6950e2d9dbd01eb1_20260603062324_WIN_20260526_11_18_52_Pro (3) - Copy.jpg
Assigned DB _id: 6a1fc85c6950e2d9dbd01ed8

--- UPLOAD CALLED for event 6a1fc84d6950e2d9dbd01eb1 ---
Uploaded filename: 6a1fc84d6950e2d9dbd01eb1_20260603062324_WIN_20260526_11_18_52_Pro.jpg
Assigned DB _id: 6a1fc85c6950e2d9dbd01ed9
Background task added 1 face(s) to FAISS for _id: 6a1fc85c6950e2d9dbd01eb2
Background task added 1 face(s) to FAISS for _id: 6a1fc85c6950e2d9dbd01eb3
Background task added 1 face(s) to FAISS for _id: 6a1fc85c6950e2d9dbd01eb4
Background task added 1 face(s) to FAISS for _id: 6a1fc85c6950e2d9dbd01eb5
Background task added 1 face(s) to FAISS for _id: 6a1fc85c6950e2d9dbd01eb6
Background task added 1 face(s) to FAISS for _id: 6a1fc85c6950e2d9dbd01eb7
Background task added 1 face(s) to FAISS for _id: 6a1fc85c6950e2d9dbd01eb8
Background task added 1 face(s) to FAISS for _id: 6a1fc85c6950e2d9dbd01eb9
Background task added 1 face(s) to FAISS for _id: 6a1fc85c6950e2d9dbd01eba
Background task added 1 face(s) to FAISS for _id: 6a1fc85c6950e2d9dbd01ebb
Background task added 1 face(s) to FAISS for _id: 6a1fc85c6950e2d9dbd01ebc
Background task added 1 face(s) to FAISS for _id: 6a1fc85c6950e2d9dbd01ebd
Background task added 1 face(s) to FAISS for _id: 6a1fc85c6950e2d9dbd01ebe
Background task added 1 face(s) to FAISS for _id: 6a1fc85c6950e2d9dbd01ebf
Background task added 1 face(s) to FAISS for _id: 6a1fc85c6950e2d9dbd01ec0
Background task added 1 face(s) to FAISS for _id: 6a1fc85c6950e2d9dbd01ec1
Background task added 1 face(s) to FAISS for _id: 6a1fc85c6950e2d9dbd01ec2
Background task added 1 face(s) to FAISS for _id: 6a1fc85c6950e2d9dbd01ec3
Background task added 1 face(s) to FAISS for _id: 6a1fc85c6950e2d9dbd01ec4
Background task added 1 face(s) to FAISS for _id: 6a1fc85c6950e2d9dbd01ec5
Background task added 1 face(s) to FAISS for _id: 6a1fc85c6950e2d9dbd01ec6
Background task added 1 face(s) to FAISS for _id: 6a1fc85c6950e2d9dbd01ec7
Background task added 1 face(s) to FAISS for _id: 6a1fc85c6950e2d9dbd01ec8
Background task added 1 face(s) to FAISS for _id: 6a1fc85c6950e2d9dbd01ec9
Background task added 1 face(s) to FAISS for _id: 6a1fc85c6950e2d9dbd01eca
Background task added 1 face(s) to FAISS for _id: 6a1fc85c6950e2d9dbd01ecb
Background task added 1 face(s) to FAISS for _id: 6a1fc85c6950e2d9dbd01ecc
Background task added 1 face(s) to FAISS for _id: 6a1fc85c6950e2d9dbd01ecd
Background task added 1 face(s) to FAISS for _id: 6a1fc85c6950e2d9dbd01ece
Background task added 1 face(s) to FAISS for _id: 6a1fc85c6950e2d9dbd01ecf
Background task added 1 face(s) to FAISS for _id: 6a1fc85c6950e2d9dbd01ed0
Background task added 1 face(s) to FAISS for _id: 6a1fc85c6950e2d9dbd01ed1
Background task added 1 face(s) to FAISS for _id: 6a1fc85c6950e2d9dbd01ed2
Background task added 1 face(s) to FAISS for _id: 6a1fc85c6950e2d9dbd01ed3
Background task added 1 face(s) to FAISS for _id: 6a1fc85c6950e2d9dbd01ed4
Background task added 1 face(s) to FAISS for _id: 6a1fc85c6950e2d9dbd01ed5
Background task added 1 face(s) to FAISS for _id: 6a1fc85c6950e2d9dbd01ed6
Background task added 1 face(s) to FAISS for _id: 6a1fc85c6950e2d9dbd01ed7
Background task added 1 face(s) to FAISS for _id: 6a1fc85c6950e2d9dbd01ed8
Background task added 1 face(s) to FAISS for _id: 6a1fc85c6950e2d9dbd01ed9

--- MATCH FACE CALLED for event 6a1fc84d6950e2d9dbd01eb1 ---
Selfie filename: WIN_20260525_13_55_44_Pro - Copy - Copy.jpg
Faces detected in selfie: 1
FAISS matched IDs: ['6a1fc85c6950e2d9dbd01eb7', '6a1e817ffd14285962c9c764', '6a1bbf007a63070ffd51f292', '6a1bbf007a63070ffd51f2a9', '6a1bbf007a63070ffd51f2ae', '6a1fc85c6950e2d9dbd01ecb', '6a1bbf007a63070ffd51f2a8', '6a1e817ffd14285962c9c756', '6a1e7c7cfd14285962c9c73d', '6a1e7c7cfd14285962c9c744', '6a1e817ffd14285962c9c76d', '6a1e817ffd14285962c9c772', '6a1e7c7bfd14285962c9c73a', '6a1e83f9985f81fb3e28a987', '6a1fc85c6950e2d9dbd01ed8', '6a1e817ffd14285962c9c752', '6a1bbf007a63070ffd51f297', '6a1e83f9985f81fb3e28a97f', '6a1e7c7bfd14285962c9c737', '6a1fc85c6950e2d9dbd01ed5', '6a1e83f9985f81fb3e28a97b', '6a1534a2f60ff5ddb53446be', '6a1e7c7cfd14285962c9c748', '6a1bbf007a63070ffd51f28a', '6a1e817ffd14285962c9c751', '6a1e817ffd14285962c9c757', '6a1e7c7cfd14285962c9c749', '6a1fc85c6950e2d9dbd01ebb', '6a1e817ffd14285962c9c760', '6a1e817ffd14285962c9c768', '6a1fc85c6950e2d9dbd01ec8', '6a1fc85c6950e2d9dbd01ed7', '6a1e7c7cfd14285962c9c73b', '6a1fc85c6950e2d9dbd01eb3', '6a1fc85c6950e2d9dbd01ebf', '6a1e83f9985f81fb3e28a980', '6a1533aaa8a8edca581d3080', '6a1bbf007a63070ffd51f29f', '6a1534a2f60ff5ddb53446bb', '6a1e7c7bfd14285962c9c732', '6a1e817ffd14285962c9c74e', '6a1e7c7bfd14285962c9c72e', '6a1e817ffd14285962c9c766', '6a1bbf007a63070ffd51f2a5', '6a1e83f9985f81fb3e28a98a', '6a1bbf007a63070ffd51f28c', '6a1fc85c6950e2d9dbd01ebe', '6a1bbf007a63070ffd51f287', '6a1fc85c6950e2d9dbd01eb2', '6a1e83f9985f81fb3e28a985', '6a1e7c7cfd14285962c9c74b', '6a1bbf007a63070ffd51f2ad', '6a1e83f9985f81fb3e28a98f', '6a1fc85c6950e2d9dbd01eb4', '6a1e7c7bfd14285962c9c72b', '6a1e817ffd14285962c9c750', '6a1e7c7bfd14285962c9c731', '6a1e7c7bfd14285962c9c729', '6a1fc85c6950e2d9dbd01ecc', '6a1fc85c6950e2d9dbd01ec2', '6a1e817ffd14285962c9c763', '6a1fc85c6950e2d9dbd01ec4', '6a1e7c7bfd14285962c9c730', '6a1e83f9985f81fb3e28a97c', '6a1e7c7bfd14285962c9c72d', '6a1e817ffd14285962c9c773', '6a1fc85c6950e2d9dbd01ec0', '6a1e817ffd14285962c9c754', '6a1e7c7bfd14285962c9c725', '6a1fc85c6950e2d9dbd01ec5', '6a1e7c7cfd14285962c9c746', '6a1fc85c6950e2d9dbd01ed9', '6a1bbf007a63070ffd51f299', '6a1e817ffd14285962c9c76e', '6a1e7c7bfd14285962c9c728', '6a1e817ffd14285962c9c75f', '6a1bbf007a63070ffd51f2aa', '6a1e83f9985f81fb3e28a98b', '6a1534a2f60ff5ddb53446bf', '6a1bbf007a63070ffd51f2ab', '6a1fc85c6950e2d9dbd01eca', '6a1534a2f60ff5ddb53446c2', '6a1bbf007a63070ffd51f29c', '6a1bbf007a63070ffd51f29a', '6a1e83f9985f81fb3e28a99b', '6a1bbf007a63070ffd51f295', '6a14931c7bb043acdbeb3092', '6a1e83f9985f81fb3e28a99f', '6a1e83f9985f81fb3e28a979', '6a1fc85c6950e2d9dbd01ec7', '6a1e83f9985f81fb3e28a99d', '6a1e83f9985f81fb3e28a97a', '6a1bbf007a63070ffd51f28e', '6a1e7c7bfd14285962c9c738', '6a1fc85c6950e2d9dbd01ec3', '6a1e83f9985f81fb3e28a97e', '6a1e817ffd14285962c9c74d', '6a1e7c7bfd14285962c9c72f', '6a1e817ffd14285962c9c761', '6a1bbf007a63070ffd51f29b', '6a1fc85c6950e2d9dbd01ecd', '6a1e83f9985f81fb3e28a998', '6a1534a2f60ff5ddb53446bd', '6a1e83f9985f81fb3e28a98d', '6a1e7c7bfd14285962c9c733', '6a1e817ffd14285962c9c75e', '6a1e83f9985f81fb3e28a98e', '6a1fc85c6950e2d9dbd01eb6', '6a1534a2f60ff5ddb53446ba', '6a1533aaa8a8edca581d3082', '6a1bbf007a63070ffd51f2a2', '6a1e817ffd14285962c9c75a', '6a1e7c7bfd14285962c9c739', '6a1e7c7bfd14285962c9c724', '6a1bbf007a63070ffd51f2ac', '6a1e7c7bfd14285962c9c726', '6a1e83f9985f81fb3e28a999', '6a1bbf007a63070ffd51f2a1', '6a1bbf007a63070ffd51f298', '6a1e83f9985f81fb3e28a989', '6a1e817ffd14285962c9c765', '6a1e7c7cfd14285962c9c73f', '6a1e83f9985f81fb3e28a992', '6a1e7c7bfd14285962c9c727', '6a1e83f9985f81fb3e28a98c', '6a1e817ffd14285962c9c75c', '6a1e817ffd14285962c9c770', '6a1fc85c6950e2d9dbd01ebd', '6a1e817ffd14285962c9c759', '6a1e817ffd14285962c9c75b', '6a1534a2f60ff5ddb53446c0', '6a1fc85c6950e2d9dbd01eb9', '6a1fc85c6950e2d9dbd01eb8', '6a1e7c7cfd14285962c9c73c', '6a1e7c7cfd14285962c9c73e', '6a1e7c7bfd14285962c9c736', '6a1e83f9985f81fb3e28a99c', '6a1bbf007a63070ffd51f28b', '6a1e83f9985f81fb3e28a986', '6a1bbf007a63070ffd51f2a4', '6a1e83f9985f81fb3e28a993', '6a1bbf007a63070ffd51f289', '6a1e817ffd14285962c9c758', '6a1534a2f60ff5ddb53446b9', '6a1e83f9985f81fb3e28a988', '6a1bbf007a63070ffd51f294', '6a1bbf007a63070ffd51f2a7', '6a1fc85c6950e2d9dbd01ed6', '6a1bbf007a63070ffd51f2a6', '6a1e817ffd14285962c9c774', '6a1533aaa8a8edca581d3081', '6a1e83f9985f81fb3e28a978', '6a1e83f9985f81fb3e28a99a', '6a1e7c7bfd14285962c9c735', '6a1fc85c6950e2d9dbd01eba', '6a1bbf007a63070ffd51f29d', '6a1bbf007a63070ffd51f293', '6a1fc85c6950e2d9dbd01ed2', '6a1e7c7cfd14285962c9c745', '6a1e7c7bfd14285962c9c72a', '6a1534a2f60ff5ddb53446bc', '6a1e817ffd14285962c9c75d', '6a1e817ffd14285962c9c753', '6a1bbf007a63070ffd51f29e', '6a1e83f9985f81fb3e28a981', '6a1e83f9985f81fb3e28a990', '6a1e7c7bfd14285962c9c734', '6a14931c7bb043acdbeb3091', '6a1e817ffd14285962c9c767', '6a1bbf007a63070ffd51f28d', '6a1e817ffd14285962c9c755', '6a1e83f9985f81fb3e28a984', '6a1e817ffd14285962c9c74f', '6a1bbf007a63070ffd51f28f', '6a1e83f9985f81fb3e28a991', '6a1e83f9985f81fb3e28a99e', '6a1bbf007a63070ffd51f2a3', '6a1fc85c6950e2d9dbd01ec9', '6a1fc85c6950e2d9dbd01ec1', '6a1fc85c6950e2d9dbd01ed4', '6a1e83f9985f81fb3e28a982', '6a1e7c7cfd14285962c9c740', '6a1bbf007a63070ffd51f291', '6a1fc85c6950e2d9dbd01ed3', '6a1bbf007a63070ffd51f2a0', '6a1fc85c6950e2d9dbd01eb5', '6a1fc85c6950e2d9dbd01ebc', '6a1bbf007a63070ffd51f296', '6a1e83f9985f81fb3e28a97d', '6a1e83f9985f81fb3e28a983', '6a1bbf007a63070ffd51f288', '6a1e817ffd14285962c9c76f', '6a1e7c7cfd14285962c9c74a', '6a1fc85c6950e2d9dbd01ec6', '6a1e817ffd14285962c9c771', '6a1534a2f60ff5ddb53446c1', '6a1e7c7bfd14285962c9c72c', '6a1e817ffd14285962c9c762', '6a1bbf007a63070ffd51f290', '6a1e7c7cfd14285962c9c747']
DB documents found: 36
First DB doc: {'event_id': '6a1fc84d6950e2d9dbd01eb1', 's3_url': '/static/6a1fc84d6950e2d9dbd01eb1_20260603062324_WIN_20260525_13_55_44_Pro - Copy - Copy.jpg', 'folder_name': 'General', 'uploaded_by': 'mock_admin_123', 'uploaded_at': '2026-06-03 06:23:24.502690', 'is_processed': True, 'filename': 'WIN_20260525_13_55_44_Pro - Copy - Copy.jpg', '_id': '6a1fc85c6950e2d9dbd01eb2', 'faces_detected': 1, 'blur_score': 144.50138020409477, 'emotions': {'dominant_emotion': 'happy'}, 'captions': None}

--- MATCH FACE CALLED for event 6a1fc84d6950e2d9dbd01eb1 ---
Selfie filename: 17804680859875331400659971601533.jpg
Faces detected in selfie: 1
FAISS matched IDs: ['6a1fc85c6950e2d9dbd01eb7', '6a1e817ffd14285962c9c764', '6a1fc85c6950e2d9dbd01ecf', '6a1bbf007a63070ffd51f292', '6a1bbf007a63070ffd51f2a9', '6a1bbf007a63070ffd51f2ae', '6a1fc85c6950e2d9dbd01ecb', '6a1bbf007a63070ffd51f2a8', '6a1e7c7cfd14285962c9c73d', '6a1e817ffd14285962c9c772', '6a1fc85c6950e2d9dbd01ed8', '6a1e7c7cfd14285962c9c744', '6a1e817ffd14285962c9c76d', '6a1e7c7bfd14285962c9c73a', '6a1e83f9985f81fb3e28a987', '6a1e817ffd14285962c9c752', '6a1bbf007a63070ffd51f297', '6a1e83f9985f81fb3e28a97f', '6a1e7c7bfd14285962c9c737', '6a1fc85c6950e2d9dbd01ed5', '6a1e83f9985f81fb3e28a97b', '6a1534a2f60ff5ddb53446be', '6a1e7c7cfd14285962c9c748', '6a1e83f9985f81fb3e28a997', '6a1bbf007a63070ffd51f28a', '6a1e817ffd14285962c9c751', '6a1e7c7cfd14285962c9c749', '6a1e817ffd14285962c9c760', '6a1e817ffd14285962c9c768', '6a1fc85c6950e2d9dbd01ec8', '6a1fc85c6950e2d9dbd01ed7', '6a1e7c7cfd14285962c9c73b', '6a1fc85c6950e2d9dbd01eb3', '6a1fc85c6950e2d9dbd01ebf', '6a1533aaa8a8edca581d3080', '6a1bbf007a63070ffd51f29f', '6a1534a2f60ff5ddb53446bb', '6a1e7c7bfd14285962c9c732', '6a1e817ffd14285962c9c74e', '6a1e817ffd14285962c9c766', '6a1bbf007a63070ffd51f2a5', '6a1e83f9985f81fb3e28a98a', '6a1bbf007a63070ffd51f28c', '6a1e83f9985f81fb3e28a995', '6a1fc85c6950e2d9dbd01ed1', '6a1fc85c6950e2d9dbd01ebe', '6a1e7c7cfd14285962c9c741', '6a1bbf007a63070ffd51f287', '6a1fc85c6950e2d9dbd01eb2', '6a1e83f9985f81fb3e28a985', '6a1bbf007a63070ffd51f2ad', '6a1e7c7cfd14285962c9c74b', '6a1e83f9985f81fb3e28a98f', '6a1fc85c6950e2d9dbd01eb4', '6a1e7c7bfd14285962c9c72b', '6a1e817ffd14285962c9c750', '6a1e7c7bfd14285962c9c731', '6a1e83f9985f81fb3e28a996', '6a1e7c7bfd14285962c9c729', '6a1fc85c6950e2d9dbd01ecc', '6a1fc85c6950e2d9dbd01ec2', '6a1e817ffd14285962c9c763', '6a1fc85c6950e2d9dbd01ec4', '6a1e7c7bfd14285962c9c730', '6a1e83f9985f81fb3e28a97c', '6a1e817ffd14285962c9c773', '6a1fc85c6950e2d9dbd01ec0', '6a1e817ffd14285962c9c754', '6a1e7c7bfd14285962c9c725', '6a1fc85c6950e2d9dbd01ec5', '6a1e7c7cfd14285962c9c746', '6a1fc85c6950e2d9dbd01ed9', '6a1bbf007a63070ffd51f299', '6a1e817ffd14285962c9c76e', '6a1e7c7bfd14285962c9c728', '6a1e817ffd14285962c9c75f', '6a1bbf007a63070ffd51f2aa', '6a1e83f9985f81fb3e28a98b', '6a1534a2f60ff5ddb53446bf', '6a1bbf007a63070ffd51f2ab', '6a1534a2f60ff5ddb53446c2', '6a1fc85c6950e2d9dbd01eca', '6a1bbf007a63070ffd51f29c', '6a1e83f9985f81fb3e28a99b', '6a1bbf007a63070ffd51f29a', '6a1bbf007a63070ffd51f295', '6a1e83f9985f81fb3e28a99f', '6a14931c7bb043acdbeb3092', '6a1e83f9985f81fb3e28a979', '6a1fc85c6950e2d9dbd01ec7', '6a1e83f9985f81fb3e28a99d', '6a1e7c7bfd14285962c9c738', '6a1e83f9985f81fb3e28a97a', '6a1bbf007a63070ffd51f28e', '6a1fc85c6950e2d9dbd01ec3', '6a1e83f9985f81fb3e28a97e', '6a1e817ffd14285962c9c74d', '6a1e817ffd14285962c9c761', '6a1bbf007a63070ffd51f29b', '6a1e817ffd14285962c9c76a', '6a1fc85c6950e2d9dbd01ecd', '6a1e83f9985f81fb3e28a998', '6a1534a2f60ff5ddb53446bd', '6a1e83f9985f81fb3e28a98d', '6a1e817ffd14285962c9c76b', '6a1e7c7bfd14285962c9c733', '6a1e817ffd14285962c9c75e', '6a1e83f9985f81fb3e28a98e', '6a1fc85c6950e2d9dbd01eb6', '6a1534a2f60ff5ddb53446ba', '6a1533aaa8a8edca581d3082', '6a1bbf007a63070ffd51f2a2', '6a1e817ffd14285962c9c75a', '6a1e7c7bfd14285962c9c739', '6a1e7c7bfd14285962c9c724', '6a1bbf007a63070ffd51f2ac', '6a1e7c7bfd14285962c9c726', '6a1e83f9985f81fb3e28a999', '6a1bbf007a63070ffd51f2a1', '6a1bbf007a63070ffd51f298', '6a1e83f9985f81fb3e28a989', '6a1e83f9985f81fb3e28a98c', '6a1e7c7cfd14285962c9c73f', '6a1e817ffd14285962c9c765', '6a1e83f9985f81fb3e28a992', '6a1e7c7bfd14285962c9c727', '6a1e817ffd14285962c9c75c', '6a1e817ffd14285962c9c770', '6a1e817ffd14285962c9c759', '6a1e817ffd14285962c9c75b', '6a1534a2f60ff5ddb53446c0', '6a1fc85c6950e2d9dbd01eb9', '6a1fc85c6950e2d9dbd01eb8', '6a1e7c7cfd14285962c9c73c', '6a1e7c7cfd14285962c9c73e', '6a1e7c7bfd14285962c9c736', '6a1e83f9985f81fb3e28a99c', '6a1e817ffd14285962c9c76c', '6a1bbf007a63070ffd51f28b', '6a1e83f9985f81fb3e28a986', '6a1fc85c6950e2d9dbd01ece', '6a1bbf007a63070ffd51f2a4', '6a1e83f9985f81fb3e28a993', '6a1bbf007a63070ffd51f289', '6a1e83f9985f81fb3e28a988', '6a1534a2f60ff5ddb53446b9', '6a1bbf007a63070ffd51f294', '6a1bbf007a63070ffd51f2a7', '6a1fc85c6950e2d9dbd01ed6', '6a1bbf007a63070ffd51f2a6', '6a1e817ffd14285962c9c774', '6a1e7c7cfd14285962c9c743', '6a1533aaa8a8edca581d3081', '6a1e83f9985f81fb3e28a978', '6a1e83f9985f81fb3e28a99a', '6a1e7c7bfd14285962c9c735', '6a1bbf007a63070ffd51f29d', '6a1bbf007a63070ffd51f293', '6a1fc85c6950e2d9dbd01ed2', '6a1e7c7cfd14285962c9c745', '6a1534a2f60ff5ddb53446bc', '6a1e7c7bfd14285962c9c72a', '6a1e817ffd14285962c9c75d', '6a1e817ffd14285962c9c753', '6a1bbf007a63070ffd51f29e', '6a1e7c7bfd14285962c9c734', '6a1e83f9985f81fb3e28a990', '6a14931c7bb043acdbeb3091', '6a1e817ffd14285962c9c767', '6a1bbf007a63070ffd51f28d', '6a1e83f9985f81fb3e28a984', '6a1e817ffd14285962c9c74f', '6a1bbf007a63070ffd51f28f', '6a1e83f9985f81fb3e28a991', '6a1e83f9985f81fb3e28a99e', '6a1bbf007a63070ffd51f2a3', '6a1fc85c6950e2d9dbd01ec9', '6a1fc85c6950e2d9dbd01ec1', '6a1fc85c6950e2d9dbd01ed4', '6a1e7c7cfd14285962c9c740', '6a1bbf007a63070ffd51f291', '6a1fc85c6950e2d9dbd01ed3', '6a1e7c7cfd14285962c9c742', '6a1e817ffd14285962c9c769', '6a1bbf007a63070ffd51f2a0', '6a1fc85c6950e2d9dbd01eb5', '6a1bbf007a63070ffd51f296', '6a1e83f9985f81fb3e28a994', '6a1e83f9985f81fb3e28a97d', '6a1bbf007a63070ffd51f288', '6a1e7c7cfd14285962c9c74a', '6a1e817ffd14285962c9c76f', '6a1fc85c6950e2d9dbd01ec6', '6a1fc85c6950e2d9dbd01ed0', '6a1e817ffd14285962c9c771', '6a1534a2f60ff5ddb53446c1', '6a1e7c7bfd14285962c9c72c', '6a1e817ffd14285962c9c762', '6a1bbf007a63070ffd51f290', '6a1e7c7cfd14285962c9c747']
DB documents found: 36
First DB doc: {'event_id': '6a1fc84d6950e2d9dbd01eb1', 's3_url': '/static/6a1fc84d6950e2d9dbd01eb1_20260603062324_WIN_20260525_13_55_44_Pro - Copy - Copy.jpg', 'folder_name': 'General', 'uploaded_by': 'mock_admin_123', 'uploaded_at': '2026-06-03 06:23:24.502690', 'is_processed': True, 'filename': 'WIN_20260525_13_55_44_Pro - Copy - Copy.jpg', '_id': '6a1fc85c6950e2d9dbd01eb2', 'faces_detected': 1, 'blur_score': 144.50138020409477, 'emotions': {'dominant_emotion': 'happy'}, 'captions': None}

--- UPLOAD CALLED for event 6a200f9a7e02229fdff0969b ---
Uploaded filename: 6a200f9a7e02229fdff0969b_20260603112739_WIN_20260525_13_55_44_Pro - Copy - Copy.jpg
Assigned DB _id: 6a200fab7e02229fdff096a2

--- UPLOAD CALLED for event 6a200f9a7e02229fdff0969b ---
Uploaded filename: 6a200f9a7e02229fdff0969b_20260603112740_WIN_20260525_13_55_44_Pro - Copy (2).jpg
Assigned DB _id: 6a200fac7e02229fdff096a3

--- UPLOAD CALLED for event 6a200f9a7e02229fdff0969b ---
Uploaded filename: 6a200f9a7e02229fdff0969b_20260603112740_WIN_20260525_13_55_44_Pro - Copy.jpg
Assigned DB _id: 6a200fac7e02229fdff096a4

--- UPLOAD CALLED for event 6a200f9a7e02229fdff0969b ---
Uploaded filename: 6a200f9a7e02229fdff0969b_20260603112740_WIN_20260525_13_55_44_Pro.jpg
Assigned DB _id: 6a200fac7e02229fdff096a5

--- UPLOAD CALLED for event 6a200f9a7e02229fdff0969b ---
Uploaded filename: 6a200f9a7e02229fdff0969b_20260603112741_WIN_20260525_13_55_48_Pro - Copy - Copy.jpg
Assigned DB _id: 6a200fad7e02229fdff096a6

--- UPLOAD CALLED for event 6a200f9a7e02229fdff0969b ---
Uploaded filename: 6a200f9a7e02229fdff0969b_20260603112741_WIN_20260525_13_55_48_Pro - Copy (2).jpg
Assigned DB _id: 6a200fad7e02229fdff096a7

--- UPLOAD CALLED for event 6a200f9a7e02229fdff0969b ---
Uploaded filename: 6a200f9a7e02229fdff0969b_20260603112741_WIN_20260525_13_55_48_Pro - Copy.jpg
Assigned DB _id: 6a200fad7e02229fdff096a8

--- UPLOAD CALLED for event 6a200f9a7e02229fdff0969b ---
Uploaded filename: 6a200f9a7e02229fdff0969b_20260603112742_WIN_20260525_13_55_48_Pro.jpg
Assigned DB _id: 6a200fae7e02229fdff096a9

--- UPLOAD CALLED for event 6a200f9a7e02229fdff0969b ---
Uploaded filename: 6a200f9a7e02229fdff0969b_20260603112742_WIN_20260525_13_55_50_Pro - Copy - Copy.jpg
Assigned DB _id: 6a200fae7e02229fdff096aa

--- UPLOAD CALLED for event 6a200f9a7e02229fdff0969b ---
Uploaded filename: 6a200f9a7e02229fdff0969b_20260603112742_WIN_20260525_13_55_50_Pro - Copy (2).jpg
Assigned DB _id: 6a200fae7e02229fdff096ab

--- UPLOAD CALLED for event 6a200f9a7e02229fdff0969b ---
Uploaded filename: 6a200f9a7e02229fdff0969b_20260603112743_WIN_20260525_13_55_50_Pro - Copy.jpg
Assigned DB _id: 6a200faf7e02229fdff096ac

--- UPLOAD CALLED for event 6a200f9a7e02229fdff0969b ---
Uploaded filename: 6a200f9a7e02229fdff0969b_20260603112743_WIN_20260525_13_55_50_Pro.jpg
Assigned DB _id: 6a200faf7e02229fdff096ad

--- UPLOAD CALLED for event 6a200f9a7e02229fdff0969b ---
Uploaded filename: 6a200f9a7e02229fdff0969b_20260603112744_WIN_20260526_11_18_45_Pro - Copy - Copy.jpg
Assigned DB _id: 6a200fb07e02229fdff096af

--- UPLOAD CALLED for event 6a200f9a7e02229fdff0969b ---
Uploaded filename: 6a200f9a7e02229fdff0969b_20260603112744_WIN_20260526_11_18_45_Pro - Copy (2).jpg
Assigned DB _id: 6a200fb07e02229fdff096b0

--- UPLOAD CALLED for event 6a200f9a7e02229fdff0969b ---
Uploaded filename: 6a200f9a7e02229fdff0969b_20260603112744_WIN_20260526_11_18_45_Pro - Copy.jpg
Assigned DB _id: 6a200fb07e02229fdff096b1

--- UPLOAD CALLED for event 6a200f9a7e02229fdff0969b ---
Uploaded filename: 6a200f9a7e02229fdff0969b_20260603112744_WIN_20260526_11_18_45_Pro.jpg
Assigned DB _id: 6a200fb07e02229fdff096b2

--- UPLOAD CALLED for event 6a200f9a7e02229fdff0969b ---
Uploaded filename: 6a200f9a7e02229fdff0969b_20260603112745_WIN_20260526_11_18_46_Pro - Copy - Copy.jpg
Assigned DB _id: 6a200fb17e02229fdff096b3

--- UPLOAD CALLED for event 6a200f9a7e02229fdff0969b ---
Uploaded filename: 6a200f9a7e02229fdff0969b_20260603112745_WIN_20260526_11_18_46_Pro - Copy (2).jpg
Assigned DB _id: 6a200fb17e02229fdff096b4

--- UPLOAD CALLED for event 6a200f9a7e02229fdff0969b ---
Uploaded filename: 6a200f9a7e02229fdff0969b_20260603112745_WIN_20260526_11_18_46_Pro - Copy.jpg
Assigned DB _id: 6a200fb17e02229fdff096b5

--- UPLOAD CALLED for event 6a200f9a7e02229fdff0969b ---
Uploaded filename: 6a200f9a7e02229fdff0969b_20260603112746_WIN_20260526_11_18_46_Pro.jpg
Assigned DB _id: 6a200fb27e02229fdff096b6

--- UPLOAD CALLED for event 6a200f9a7e02229fdff0969b ---
Uploaded filename: 6a200f9a7e02229fdff0969b_20260603112746_WIN_20260526_11_18_47_Pro - Copy - Copy.jpg
Assigned DB _id: 6a200fb27e02229fdff096b7

--- UPLOAD CALLED for event 6a200f9a7e02229fdff0969b ---
Uploaded filename: 6a200f9a7e02229fdff0969b_20260603112747_WIN_20260526_11_18_47_Pro - Copy (2).jpg
Assigned DB _id: 6a200fb37e02229fdff096b8

--- UPLOAD CALLED for event 6a200f9a7e02229fdff0969b ---
Uploaded filename: 6a200f9a7e02229fdff0969b_20260603112747_WIN_20260526_11_18_47_Pro - Copy.jpg
Assigned DB _id: 6a200fb37e02229fdff096b9

--- UPLOAD CALLED for event 6a200f9a7e02229fdff0969b ---
Uploaded filename: 6a200f9a7e02229fdff0969b_20260603112747_WIN_20260526_11_18_47_Pro.jpg
Assigned DB _id: 6a200fb37e02229fdff096bb

--- UPLOAD CALLED for event 6a200f9a7e02229fdff0969b ---
Uploaded filename: 6a200f9a7e02229fdff0969b_20260603112747_WIN_20260526_11_18_48_Pro - Copy - Copy.jpg
Assigned DB _id: 6a200fb37e02229fdff096bc

--- UPLOAD CALLED for event 6a200f9a7e02229fdff0969b ---
Uploaded filename: 6a200f9a7e02229fdff0969b_20260603112748_WIN_20260526_11_18_48_Pro - Copy (2).jpg
Assigned DB _id: 6a200fb47e02229fdff096bd

--- UPLOAD CALLED for event 6a200f9a7e02229fdff0969b ---
Uploaded filename: 6a200f9a7e02229fdff0969b_20260603112748_WIN_20260526_11_18_48_Pro - Copy.jpg
Assigned DB _id: 6a200fb47e02229fdff096be

--- UPLOAD CALLED for event 6a200f9a7e02229fdff0969b ---
Uploaded filename: 6a200f9a7e02229fdff0969b_20260603112748_WIN_20260526_11_18_48_Pro.jpg
Assigned DB _id: 6a200fb47e02229fdff096bf

--- UPLOAD CALLED for event 6a200f9a7e02229fdff0969b ---
Uploaded filename: 6a200f9a7e02229fdff0969b_20260603112749_WIN_20260526_11_18_50_Pro - Copy - Copy.jpg
Assigned DB _id: 6a200fb57e02229fdff096c0

--- UPLOAD CALLED for event 6a200f9a7e02229fdff0969b ---
Uploaded filename: 6a200f9a7e02229fdff0969b_20260603112749_WIN_20260526_11_18_50_Pro - Copy (2).jpg
Assigned DB _id: 6a200fb57e02229fdff096c1

--- UPLOAD CALLED for event 6a200f9a7e02229fdff0969b ---
Uploaded filename: 6a200f9a7e02229fdff0969b_20260603112749_WIN_20260526_11_18_50_Pro - Copy.jpg
Assigned DB _id: 6a200fb57e02229fdff096c2

--- UPLOAD CALLED for event 6a200f9a7e02229fdff0969b ---
Uploaded filename: 6a200f9a7e02229fdff0969b_20260603112749_WIN_20260526_11_18_50_Pro.jpg
Assigned DB _id: 6a200fb57e02229fdff096c3

--- UPLOAD CALLED for event 6a200f9a7e02229fdff0969b ---
Uploaded filename: 6a200f9a7e02229fdff0969b_20260603112750_WIN_20260526_11_18_52_Pro - Copy - Copy.jpg
Assigned DB _id: 6a200fb67e02229fdff096c4

--- UPLOAD CALLED for event 6a200f9a7e02229fdff0969b ---
Uploaded filename: 6a200f9a7e02229fdff0969b_20260603112750_WIN_20260526_11_18_52_Pro - Copy (2).jpg
Assigned DB _id: 6a200fb67e02229fdff096c5

--- UPLOAD CALLED for event 6a200f9a7e02229fdff0969b ---
Uploaded filename: 6a200f9a7e02229fdff0969b_20260603112750_WIN_20260526_11_18_52_Pro - Copy.jpg
Assigned DB _id: 6a200fb67e02229fdff096c6

--- UPLOAD CALLED for event 6a200f9a7e02229fdff0969b ---
Uploaded filename: 6a200f9a7e02229fdff0969b_20260603112750_WIN_20260526_11_18_52_Pro (2) - Copy - Copy.jpg
Assigned DB _id: 6a200fb67e02229fdff096c7

--- UPLOAD CALLED for event 6a200f9a7e02229fdff0969b ---
Uploaded filename: 6a200f9a7e02229fdff0969b_20260603112751_WIN_20260526_11_18_52_Pro (2) - Copy.jpg
Assigned DB _id: 6a200fb77e02229fdff096c8

--- UPLOAD CALLED for event 6a200f9a7e02229fdff0969b ---
Uploaded filename: 6a200f9a7e02229fdff0969b_20260603112751_WIN_20260526_11_18_52_Pro (2).jpg
Assigned DB _id: 6a200fb77e02229fdff096c9

--- UPLOAD CALLED for event 6a200f9a7e02229fdff0969b ---
Uploaded filename: 6a200f9a7e02229fdff0969b_20260603112751_WIN_20260526_11_18_52_Pro (3) - Copy.jpg
Assigned DB _id: 6a200fb77e02229fdff096ca

--- UPLOAD CALLED for event 6a200f9a7e02229fdff0969b ---
Uploaded filename: 6a200f9a7e02229fdff0969b_20260603112752_WIN_20260526_11_18_52_Pro.jpg
Assigned DB _id: 6a200fb87e02229fdff096cb
Background task added 1 face(s) to FAISS for _id: 6a200fab7e02229fdff096a2
Background task added 1 face(s) to FAISS for _id: 6a200fac7e02229fdff096a3
Background task added 1 face(s) to FAISS for _id: 6a200fac7e02229fdff096a4
Background task added 1 face(s) to FAISS for _id: 6a200fac7e02229fdff096a5
Background task added 1 face(s) to FAISS for _id: 6a200fad7e02229fdff096a6
Background task added 1 face(s) to FAISS for _id: 6a200fad7e02229fdff096a7
Background task added 1 face(s) to FAISS for _id: 6a200fad7e02229fdff096a8
Background task added 1 face(s) to FAISS for _id: 6a200fae7e02229fdff096a9
Background task added 1 face(s) to FAISS for _id: 6a200fae7e02229fdff096aa
Background task added 1 face(s) to FAISS for _id: 6a200fae7e02229fdff096ab
Background task added 1 face(s) to FAISS for _id: 6a200faf7e02229fdff096ac
Background task added 1 face(s) to FAISS for _id: 6a200faf7e02229fdff096ad
Background task added 1 face(s) to FAISS for _id: 6a200fb07e02229fdff096af
Background task added 1 face(s) to FAISS for _id: 6a200fb07e02229fdff096b0
Background task added 1 face(s) to FAISS for _id: 6a200fb07e02229fdff096b1
Background task added 1 face(s) to FAISS for _id: 6a200fb07e02229fdff096b2
Background task added 1 face(s) to FAISS for _id: 6a200fb17e02229fdff096b3
Background task added 1 face(s) to FAISS for _id: 6a200fb17e02229fdff096b4
Background task added 1 face(s) to FAISS for _id: 6a200fb17e02229fdff096b5
Background task added 1 face(s) to FAISS for _id: 6a200fb27e02229fdff096b6
Background task added 1 face(s) to FAISS for _id: 6a200fb27e02229fdff096b7
Background task added 1 face(s) to FAISS for _id: 6a200fb37e02229fdff096b8
Background task added 1 face(s) to FAISS for _id: 6a200fb37e02229fdff096b9
Background task added 1 face(s) to FAISS for _id: 6a200fb37e02229fdff096bb
Background task added 1 face(s) to FAISS for _id: 6a200fb37e02229fdff096bc
Background task added 1 face(s) to FAISS for _id: 6a200fb47e02229fdff096bd
Background task added 1 face(s) to FAISS for _id: 6a200fb47e02229fdff096be
Background task added 1 face(s) to FAISS for _id: 6a200fb47e02229fdff096bf
Background task added 1 face(s) to FAISS for _id: 6a200fb57e02229fdff096c0
Background task added 1 face(s) to FAISS for _id: 6a200fb57e02229fdff096c1
Background task added 1 face(s) to FAISS for _id: 6a200fb57e02229fdff096c2
Background task added 1 face(s) to FAISS for _id: 6a200fb57e02229fdff096c3
Background task added 1 face(s) to FAISS for _id: 6a200fb67e02229fdff096c4
Background task added 1 face(s) to FAISS for _id: 6a200fb67e02229fdff096c5
Background task added 1 face(s) to FAISS for _id: 6a200fb67e02229fdff096c6
Background task added 1 face(s) to FAISS for _id: 6a200fb67e02229fdff096c7
Background task added 1 face(s) to FAISS for _id: 6a200fb77e02229fdff096c8
Background task added 1 face(s) to FAISS for _id: 6a200fb77e02229fdff096c9
Background task added 1 face(s) to FAISS for _id: 6a200fb77e02229fdff096ca
Background task added 1 face(s) to FAISS for _id: 6a200fb87e02229fdff096cb
